"","d"
"1",7
"2",1
"3",2
"4",8
"5",25
"6",1
"7",1
"8",5
"9",1
"10",2
"11",1
"12",1
"13",1
"14",1
"15",4
"16",4
"17",1
"18",1
"19",1
"20",12
"21",2
"22",1
"23",1
"24",2
"25",4
"26",1
"27",1
"28",1
"29",1
"30",12
"31",1
"32",2
"33",2
"34",1
"35",1
"36",1
"37",3
"38",1
"39",1
"40",3
"41",9
"42",1
"43",1
"44",2
"45",1
"46",3
"47",16
"48",6
"49",4
"50",1
"51",1
"52",1
"53",1
"54",17
"55",1
"56",1
"57",1
"58",6
"59",1
"60",1
"61",1
"62",1
"63",3
"64",9
"65",7
"66",1
"67",3
"68",1
"69",1
"70",1
"71",1
"72",2
"73",1
"74",1
"75",2
"76",4
"77",6
"78",6
"79",2
"80",2
"81",1
"82",1
"83",2
"84",4
"85",3
"86",1
"87",1
"88",1
"89",2
"90",1
"91",2
"92",1
"93",2
"94",1
"95",5
"96",4
"97",2
"98",9
"99",11
"100",1
"101",2
"102",7
"103",2
"104",5
"105",2
"106",3
"107",18
"108",7
"109",1
"110",2
"111",2
"112",1
"113",1
"114",8
"115",6
"116",2
"117",16
"118",4
"119",2
"120",1
"121",2
"122",1
"123",1
"124",8
"125",1
"126",7
"127",1
"128",11
"129",1
"130",1
"131",1
"132",1
"133",16
"134",1
"135",1
"136",1
"137",4
"138",2
"139",1
"140",6
"141",1
"142",1
"143",1
"144",1
"145",1
"146",3
"147",4
"148",1
"149",10
"150",2
"151",6
"152",3
"153",1
"154",1
"155",1
"156",2
"157",1
"158",1
"159",4
"160",6
"161",9
"162",1
"163",1
"164",6
"165",1
"166",1
"167",1
"168",1
"169",6
"170",2
"171",1
"172",1
"173",1
"174",6
"175",1
"176",1
"177",2
"178",1
"179",1
"180",1
"181",1
"182",1
"183",7
"184",1
"185",4
"186",2
"187",2
"188",1
"189",1
"190",1
"191",1
"192",8
"193",1
"194",1
"195",1
"196",5
"197",1
"198",1
"199",5
"200",3
"201",1
"202",1
"203",2
"204",1
"205",1
"206",3
"207",1
"208",4
"209",2
"210",1
"211",2
"212",3
"213",1
"214",1
"215",11
"216",4
"217",1
"218",1
"219",14
"220",1
"221",1
"222",1
"223",1
"224",2
"225",1
"226",1
"227",2
"228",7
"229",1
"230",6
"231",5
"232",1
"233",1
"234",1
"235",1
"236",3
"237",1
"238",1
"239",1
"240",3
"241",5
"242",2
"243",3
"244",1
"245",1
"246",2
"247",2
"248",1
"249",1
"250",1
"251",1
"252",2
"253",2
"254",1
"255",5
"256",1
"257",1
"258",1
"259",2
"260",7
"261",16
"262",14
"263",1
"264",4
"265",3
"266",11
"267",4
"268",11
"269",1
"270",2
"271",2
"272",2
"273",1
"274",1
"275",1
"276",2
"277",6
"278",1
"279",1
"280",1
"281",1
"282",1
"283",1
"284",7
"285",1
"286",1
"287",4
"288",1
"289",1
"290",1
"291",9
"292",5
"293",5
"294",1
"295",22
"296",1
"297",2
"298",9
"299",1
"300",3
"301",2
"302",5
"303",4
"304",1
"305",10
"306",3
"307",4
"308",2
"309",1
"310",1
"311",2
"312",2
"313",13
"314",2
"315",2
"316",12
"317",2
"318",1
"319",1
"320",2
"321",8
"322",1
"323",2
"324",1
"325",3
"326",1
"327",1
"328",1
"329",1
"330",1
"331",1
"332",5
"333",1
"334",1
"335",2
"336",12
"337",7
"338",2
"339",1
"340",1
"341",1
"342",2
"343",1
"344",1
"345",1
"346",1
"347",1
"348",1
"349",2
"350",2
"351",1
"352",1
"353",2
"354",5
"355",1
"356",1
"357",1
"358",1
"359",2
"360",23
"361",1
"362",1
"363",25
"364",1
"365",15
"366",8
"367",1
"368",2
"369",1
"370",4
"371",1
"372",3
"373",1
"374",7
"375",16
"376",15
"377",1
"378",7
"379",8
"380",1
"381",1
"382",1
"383",7
"384",1
"385",2
"386",2
"387",4
"388",1
"389",1
"390",1
"391",1
"392",7
"393",1
"394",1
"395",1
"396",1
"397",1
"398",3
"399",2
"400",1
"401",1
"402",1
"403",5
"404",3
"405",1
"406",1
"407",1
"408",1
"409",1
"410",1
"411",2
"412",1
"413",4
"414",9
"415",1
"416",7
"417",13
"418",2
"419",1
"420",1
"421",1
"422",1
"423",1
"424",5
"425",4
"426",12
"427",2
"428",1
"429",2
"430",4
"431",7
"432",6
"433",9
"434",3
"435",1
"436",11
"437",3
"438",1
"439",1
"440",6
"441",1
"442",1
"443",2
"444",1
"445",10
"446",7
"447",2
"448",4
"449",7
"450",1
"451",2
"452",1
"453",1
"454",1
"455",5
"456",4
"457",1
"458",12
"459",8
"460",2
"461",10
"462",2
"463",1
"464",1
"465",4
"466",6
"467",2
"468",4
"469",1
"470",1
"471",2
"472",1
"473",1
"474",3
"475",1
"476",3
"477",1
"478",13
"479",4
"480",1
"481",4
"482",1
"483",16
"484",4
"485",4
"486",1
"487",1
"488",4
"489",1
"490",1
"491",6
"492",4
"493",1
"494",10
"495",4
"496",4
"497",3
"498",10
"499",1
"500",2
"501",1
"502",1
"503",3
"504",1
"505",1
"506",5
"507",2
"508",2
"509",1
"510",1
"511",1
"512",1
"513",1
"514",5
"515",2
"516",1
"517",1
"518",14
"519",1
"520",1
"521",1
"522",1
"523",2
"524",5
"525",11
"526",5
"527",1
"528",1
"529",1
"530",1
"531",1
"532",3
"533",4
"534",1
"535",1
"536",13
"537",1
"538",5
"539",1
"540",1
"541",2
"542",1
"543",2
"544",1
"545",2
"546",2
"547",1
"548",3
"549",1
"550",1
"551",11
"552",5
"553",1
"554",9
"555",1
"556",1
"557",1
"558",1
"559",1
"560",4
"561",2
"562",6
"563",1
"564",2
"565",1
"566",1
"567",1
"568",1
"569",1
"570",1
"571",2
"572",1
"573",3
"574",3
"575",4
"576",1
"577",9
"578",4
"579",1
"580",2
"581",5
"582",1
"583",7
"584",4
"585",4
"586",2
"587",1
"588",1
"589",3
"590",7
"591",2
"592",7
"593",4
"594",1
"595",2
"596",1
"597",2
"598",11
"599",4
"600",28
"601",4
"602",3
"603",2
"604",1
"605",1
"606",25
"607",10
"608",1
"609",4
"610",1
"611",1
"612",9
"613",1
"614",2
"615",10
"616",2
"617",1
"618",2
"619",3
"620",3
"621",2
"622",1
"623",1
"624",1
"625",1
"626",1
"627",2
"628",2
"629",3
"630",11
"631",1
"632",13
"633",1
"634",5
"635",10
"636",2
"637",1
"638",3
"639",1
"640",2
"641",3
"642",1
"643",2
"644",4
"645",3
"646",1
"647",1
"648",1
"649",1
"650",4
"651",1
"652",2
"653",1
"654",1
"655",1
"656",1
"657",3
"658",7
"659",1
"660",1
"661",2
"662",1
"663",1
"664",1
"665",2
"666",5
"667",1
"668",1
"669",7
"670",5
"671",4
"672",5
"673",1
"674",1
"675",10
"676",1
"677",1
"678",1
"679",2
"680",5
"681",1
"682",2
"683",3
"684",3
"685",1
"686",1
"687",2
"688",1
"689",1
"690",13
"691",4
"692",1
"693",2
"694",12
"695",1
"696",2
"697",2
"698",1
"699",1
"700",1
"701",1
"702",9
"703",1
"704",4
"705",1
"706",1
"707",10
"708",4
"709",1
"710",1
"711",2
"712",16
"713",1
"714",1
"715",3
"716",1
"717",1
"718",3
"719",1
"720",1
"721",3
"722",1
"723",17
"724",1
"725",1
"726",3
"727",1
"728",1
"729",1
"730",1
"731",5
"732",1
"733",1
"734",1
"735",1
"736",1
"737",7
"738",3
"739",7
"740",3
"741",1
"742",1
"743",1
"744",1
"745",1
"746",7
"747",2
"748",16
"749",1
"750",1
"751",1
"752",1
"753",1
"754",2
"755",2
"756",2
"757",3
"758",6
"759",10
"760",2
"761",6
"762",3
"763",1
"764",10
"765",3
"766",3
"767",2
"768",1
"769",2
"770",1
"771",7
"772",1
"773",2
"774",1
"775",3
"776",1
"777",1
"778",5
"779",1
"780",4
"781",1
"782",1
"783",1
"784",12
"785",5
"786",22
"787",1
"788",22
"789",2
"790",4
"791",1
"792",2
"793",1
"794",1
"795",4
"796",2
"797",1
"798",4
"799",10
"800",2
"801",4
"802",1
"803",1
"804",1
"805",1
"806",1
"807",1
"808",1
"809",1
"810",1
"811",1
"812",1
"813",1
"814",1
"815",1
"816",1
"817",1
"818",1
"819",2
"820",10
"821",1
"822",1
"823",4
"824",21
"825",1
"826",6
"827",19
"828",1
"829",3
"830",1
"831",1
"832",1
"833",1
"834",1
"835",1
"836",1
"837",1
"838",1
"839",2
"840",1
"841",7
"842",7
"843",12
"844",1
"845",1
"846",1
"847",7
"848",1
"849",6
"850",1
"851",5
"852",1
"853",3
"854",1
"855",1
"856",1
"857",1
"858",2
"859",2
"860",1
"861",10
"862",7
"863",7
"864",1
"865",1
"866",1
"867",2
"868",4
"869",3
"870",3
"871",2
"872",10
"873",1
"874",2
"875",1
"876",15
"877",4
"878",2
"879",1
"880",1
"881",3
"882",1
"883",2
"884",1
"885",7
"886",22
"887",3
"888",2
"889",1
"890",5
"891",3
"892",4
"893",1
"894",1
"895",3
"896",1
"897",1
"898",1
"899",1
"900",1
"901",1
"902",1
"903",8
"904",5
"905",5
"906",1
"907",2
"908",5
"909",1
"910",2
"911",15
"912",1
"913",1
"914",1
"915",1
"916",4
"917",7
"918",13
"919",1
"920",1
"921",2
"922",5
"923",5
"924",1
"925",1
"926",1
"927",2
"928",1
"929",7
"930",1
"931",1
"932",4
"933",1
"934",6
"935",7
"936",1
"937",1
"938",1
"939",1
"940",14
"941",8
"942",1
"943",1
"944",1
"945",6
"946",11
"947",1
"948",8
"949",10
"950",4
"951",4
"952",2
"953",9
"954",1
"955",1
"956",6
"957",1
"958",1
"959",1
"960",4
"961",13
"962",1
"963",1
"964",4
"965",1
"966",4
"967",1
"968",1
"969",1
"970",4
"971",4
"972",1
"973",3
"974",1
"975",1
"976",9
"977",2
"978",1
"979",1
"980",7
"981",8
"982",1
"983",1
"984",5
"985",3
"986",1
"987",1
"988",16
"989",6
"990",4
"991",3
"992",1
"993",5
"994",9
"995",1
"996",7
"997",1
"998",2
"999",6
"1000",1
"1001",3
"1002",3
"1003",5
"1004",1
"1005",2
"1006",12
"1007",1
"1008",11
"1009",4
"1010",1
"1011",7
"1012",11
"1013",3
"1014",1
"1015",1
"1016",11
"1017",1
"1018",8
"1019",1
"1020",1
"1021",1
"1022",2
"1023",4
"1024",1
"1025",2
"1026",1
"1027",1
"1028",1
"1029",1
"1030",1
"1031",4
"1032",2
"1033",1
"1034",1
"1035",1
"1036",5
"1037",1
"1038",3
"1039",3
"1040",2
"1041",7
"1042",2
"1043",5
"1044",11
"1045",1
"1046",1
"1047",9
"1048",12
"1049",4
"1050",2
"1051",2
"1052",1
"1053",1
"1054",14
"1055",5
"1056",1
"1057",6
"1058",1
"1059",2
"1060",1
"1061",1
"1062",1
"1063",1
"1064",2
"1065",6
"1066",6
"1067",1
"1068",3
"1069",1
"1070",2
"1071",2
"1072",1
"1073",1
"1074",1
"1075",1
"1076",1
"1077",1
"1078",6
"1079",8
"1080",4
"1081",2
"1082",1
"1083",1
"1084",4
"1085",12
"1086",2
"1087",1
"1088",2
"1089",9
"1090",1
"1091",1
"1092",6
"1093",2
"1094",1
"1095",2
"1096",2
"1097",8
"1098",22
"1099",5
"1100",1
"1101",14
"1102",4
"1103",3
"1104",1
"1105",2
"1106",1
"1107",2
"1108",10
"1109",1
"1110",1
"1111",1
"1112",1
"1113",2
"1114",2
"1115",1
"1116",2
"1117",2
"1118",10
"1119",6
"1120",1
"1121",2
"1122",9
"1123",10
"1124",1
"1125",1
"1126",1
"1127",1
"1128",9
"1129",1
"1130",5
"1131",2
"1132",2
"1133",1
"1134",9
"1135",1
"1136",9
"1137",5
"1138",3
"1139",5
"1140",2
"1141",8
"1142",3
"1143",4
"1144",2
"1145",4
"1146",3
"1147",14
"1148",1
"1149",1
"1150",1
"1151",12
"1152",39
"1153",1
"1154",3
"1155",5
"1156",4
"1157",3
"1158",12
"1159",1
"1160",3
"1161",2
"1162",6
"1163",1
"1164",5
"1165",1
"1166",4
"1167",1
"1168",3
"1169",5
"1170",1
"1171",11
"1172",2
"1173",2
"1174",1
"1175",3
"1176",1
"1177",2
"1178",2
"1179",1
"1180",9
"1181",3
"1182",1
"1183",6
"1184",3
"1185",4
"1186",1
"1187",1
"1188",6
"1189",1
"1190",1
"1191",1
"1192",1
"1193",3
"1194",2
"1195",2
"1196",2
"1197",2
"1198",1
"1199",1
"1200",1
"1201",7
"1202",1
"1203",1
"1204",1
"1205",14
"1206",1
"1207",7
"1208",4
"1209",14
"1210",1
"1211",3
"1212",9
"1213",1
"1214",1
"1215",1
"1216",6
"1217",2
"1218",1
"1219",2
"1220",3
"1221",1
"1222",1
"1223",1
"1224",6
"1225",1
"1226",6
"1227",4
"1228",3
"1229",3
"1230",7
"1231",4
"1232",2
"1233",1
"1234",2
"1235",1
"1236",1
"1237",1
"1238",1
"1239",10
"1240",2
"1241",2
"1242",1
"1243",18
"1244",1
"1245",3
"1246",1
"1247",1
"1248",2
"1249",6
"1250",2
"1251",6
"1252",6
"1253",1
"1254",7
"1255",4
"1256",1
"1257",1
"1258",2
"1259",1
"1260",1
"1261",2
"1262",7
"1263",8
"1264",2
"1265",1
"1266",2
"1267",2
"1268",7
"1269",1
"1270",1
"1271",1
"1272",5
"1273",6
"1274",5
"1275",2
"1276",5
"1277",1
"1278",2
"1279",4
"1280",1
"1281",2
"1282",2
"1283",5
"1284",5
"1285",2
"1286",1
"1287",1
"1288",2
"1289",1
"1290",20
"1291",10
"1292",3
"1293",2
"1294",2
"1295",1
"1296",7
"1297",1
"1298",3
"1299",2
"1300",1
"1301",8
"1302",5
"1303",4
"1304",3
"1305",1
"1306",1
"1307",2
"1308",1
"1309",1
"1310",1
"1311",1
"1312",5
"1313",7
"1314",1
"1315",1
"1316",4
"1317",2
"1318",1
"1319",1
"1320",1
"1321",1
"1322",2
"1323",2
"1324",5
"1325",1
"1326",4
"1327",1
"1328",1
"1329",12
"1330",7
"1331",1
"1332",7
"1333",1
"1334",1
"1335",2
"1336",2
"1337",1
"1338",11
"1339",16
"1340",1
"1341",1
"1342",1
"1343",1
"1344",2
"1345",1
"1346",9
"1347",4
"1348",2
"1349",5
"1350",1
"1351",6
"1352",1
"1353",1
"1354",1
"1355",1
"1356",10
"1357",2
"1358",1
"1359",2
"1360",1
"1361",1
"1362",5
"1363",1
"1364",1
"1365",8
"1366",1
"1367",1
"1368",2
"1369",2
"1370",1
"1371",1
"1372",2
"1373",3
"1374",3
"1375",4
"1376",2
"1377",1
"1378",1
"1379",1
"1380",2
"1381",1
"1382",2
"1383",1
"1384",2
"1385",1
"1386",1
"1387",1
"1388",4
"1389",1
"1390",1
"1391",1
"1392",6
"1393",1
"1394",5
"1395",1
"1396",5
"1397",1
"1398",2
"1399",1
"1400",1
"1401",2
"1402",1
"1403",1
"1404",20
"1405",2
"1406",9
"1407",2
"1408",1
"1409",1
"1410",1
"1411",3
"1412",1
"1413",12
"1414",1
"1415",1
"1416",19
"1417",2
"1418",2
"1419",1
"1420",1
"1421",1
"1422",4
"1423",1
"1424",8
"1425",6
"1426",2
"1427",1
"1428",6
"1429",1
"1430",5
"1431",2
"1432",4
"1433",1
"1434",1
"1435",1
"1436",1
"1437",1
"1438",8
"1439",1
"1440",2
"1441",3
"1442",1
"1443",1
"1444",1
"1445",9
"1446",2
"1447",3
"1448",1
"1449",3
"1450",1
"1451",2
"1452",1
"1453",1
"1454",2
"1455",1
"1456",4
"1457",4
"1458",1
"1459",8
"1460",2
"1461",3
"1462",1
"1463",1
"1464",1
"1465",2
"1466",2
"1467",1
"1468",6
"1469",3
"1470",6
"1471",1
"1472",1
"1473",13
"1474",1
"1475",1
"1476",3
"1477",1
"1478",3
"1479",6
"1480",2
"1481",2
"1482",6
"1483",4
"1484",1
"1485",3
"1486",1
"1487",2
"1488",2
"1489",13
"1490",1
"1491",5
"1492",2
"1493",1
"1494",4
"1495",1
"1496",3
"1497",1
"1498",2
"1499",2
"1500",1
"1501",1
"1502",26
"1503",2
"1504",6
"1505",1
"1506",1
"1507",4
"1508",3
"1509",5
"1510",1
"1511",2
"1512",1
"1513",1
"1514",1
"1515",1
"1516",6
"1517",20
"1518",2
"1519",5
"1520",1
"1521",1
"1522",4
"1523",1
"1524",1
"1525",1
"1526",1
"1527",1
"1528",1
"1529",11
"1530",1
"1531",1
"1532",10
"1533",2
"1534",2
"1535",1
"1536",2
"1537",4
"1538",8
"1539",2
"1540",1
"1541",5
"1542",4
"1543",3
"1544",1
"1545",5
"1546",1
"1547",1
"1548",13
"1549",1
"1550",2
"1551",2
"1552",1
"1553",2
"1554",2
"1555",8
"1556",6
"1557",1
"1558",1
"1559",10
"1560",1
"1561",5
"1562",6
"1563",2
"1564",6
"1565",3
"1566",2
"1567",2
"1568",22
"1569",5
"1570",2
"1571",1
"1572",1
"1573",10
"1574",2
"1575",1
"1576",6
"1577",5
"1578",1
"1579",1
"1580",1
"1581",12
"1582",1
"1583",1
"1584",1
"1585",2
"1586",1
"1587",1
"1588",5
"1589",1
"1590",1
"1591",8
"1592",2
"1593",15
"1594",1
"1595",1
"1596",3
"1597",1
"1598",6
"1599",1
"1600",6
"1601",1
"1602",13
"1603",1
"1604",4
"1605",4
"1606",1
"1607",4
"1608",2
"1609",3
"1610",1
"1611",1
"1612",6
"1613",2
"1614",15
"1615",2
"1616",5
"1617",1
"1618",1
"1619",1
"1620",8
"1621",2
"1622",3
"1623",5
"1624",1
"1625",1
"1626",9
"1627",1
"1628",1
"1629",1
"1630",3
"1631",1
"1632",1
"1633",6
"1634",1
"1635",1
"1636",2
"1637",2
"1638",1
"1639",13
"1640",1
"1641",2
"1642",1
"1643",2
"1644",5
"1645",1
"1646",1
"1647",14
"1648",2
"1649",1
"1650",10
"1651",1
"1652",3
"1653",4
"1654",2
"1655",1
"1656",1
"1657",3
"1658",4
"1659",3
"1660",2
"1661",1
"1662",1
"1663",1
"1664",1
"1665",21
"1666",1
"1667",2
"1668",23
"1669",2
"1670",2
"1671",9
"1672",1
"1673",1
"1674",1
"1675",2
"1676",9
"1677",1
"1678",11
"1679",2
"1680",1
"1681",4
"1682",12
"1683",1
"1684",1
"1685",8
"1686",15
"1687",1
"1688",1
"1689",7
"1690",1
"1691",1
"1692",1
"1693",1
"1694",1
"1695",9
"1696",2
"1697",9
"1698",2
"1699",1
"1700",4
"1701",2
"1702",5
"1703",1
"1704",1
"1705",1
"1706",3
"1707",1
"1708",1
"1709",1
"1710",1
"1711",3
"1712",14
"1713",1
"1714",3
"1715",1
"1716",10
"1717",1
"1718",1
"1719",1
"1720",5
"1721",6
"1722",1
"1723",1
"1724",3
"1725",1
"1726",1
"1727",1
"1728",9
"1729",4
"1730",19
"1731",3
"1732",6
"1733",1
"1734",1
"1735",5
"1736",6
"1737",3
"1738",1
"1739",3
"1740",1
"1741",6
"1742",1
"1743",1
"1744",2
"1745",1
"1746",2
"1747",1
"1748",7
"1749",1
"1750",1
"1751",1
"1752",1
"1753",1
"1754",1
"1755",1
"1756",2
"1757",6
"1758",1
"1759",2
"1760",1
"1761",1
"1762",1
"1763",2
"1764",1
"1765",1
"1766",6
"1767",1
"1768",5
"1769",2
"1770",2
"1771",2
"1772",1
"1773",1
"1774",1
"1775",1
"1776",1
"1777",1
"1778",10
"1779",1
"1780",1
"1781",1
"1782",6
"1783",9
"1784",2
"1785",2
"1786",8
"1787",9
"1788",1
"1789",1
"1790",5
"1791",2
"1792",1
"1793",1
"1794",3
"1795",7
"1796",11
"1797",1
"1798",1
"1799",1
"1800",1
"1801",1
"1802",2
"1803",1
"1804",1
"1805",2
"1806",1
"1807",1
"1808",1
"1809",1
"1810",1
"1811",2
"1812",1
"1813",1
"1814",2
"1815",1
"1816",4
"1817",1
"1818",1
"1819",2
"1820",1
"1821",1
"1822",1
"1823",25
"1824",1
"1825",4
"1826",7
"1827",1
"1828",1
"1829",1
"1830",3
"1831",2
"1832",1
"1833",3
"1834",1
"1835",1
"1836",1
"1837",1
"1838",1
"1839",1
"1840",8
"1841",1
"1842",1
"1843",1
"1844",4
"1845",4
"1846",2
"1847",8
"1848",1
"1849",1
"1850",6
"1851",1
"1852",3
"1853",1
"1854",1
"1855",1
"1856",2
"1857",12
"1858",2
"1859",2
"1860",1
"1861",1
"1862",1
"1863",10
"1864",6
"1865",1
"1866",3
"1867",1
"1868",1
"1869",4
"1870",4
"1871",3
"1872",1
"1873",1
"1874",1
"1875",4
"1876",11
"1877",1
"1878",1
"1879",1
"1880",1
"1881",2
"1882",2
"1883",2
"1884",1
"1885",3
"1886",2
"1887",2
"1888",1
"1889",1
"1890",1
"1891",1
"1892",2
"1893",4
"1894",5
"1895",6
"1896",5
"1897",1
"1898",1
"1899",1
"1900",1
"1901",4
"1902",6
"1903",1
"1904",1
"1905",1
"1906",1
"1907",1
"1908",1
"1909",3
"1910",2
"1911",1
"1912",1
"1913",2
"1914",1
"1915",1
"1916",1
"1917",1
"1918",1
"1919",1
"1920",1
"1921",5
"1922",1
"1923",1
"1924",1
"1925",1
"1926",7
"1927",6
"1928",2
"1929",1
"1930",6
"1931",1
"1932",1
"1933",2
"1934",4
"1935",4
"1936",1
"1937",1
"1938",1
"1939",2
"1940",2
"1941",11
"1942",5
"1943",1
"1944",1
"1945",1
"1946",1
"1947",2
"1948",1
"1949",1
"1950",2
"1951",4
"1952",1
"1953",11
"1954",10
"1955",19
"1956",1
"1957",2
"1958",1
"1959",1
"1960",1
"1961",1
"1962",6
"1963",2
"1964",1
"1965",1
"1966",1
"1967",2
"1968",1
"1969",1
"1970",5
"1971",7
"1972",1
"1973",3
"1974",2
"1975",8
"1976",1
"1977",2
"1978",1
"1979",2
"1980",3
"1981",4
"1982",1
"1983",1
"1984",5
"1985",1
"1986",1
"1987",1
"1988",4
"1989",17
"1990",1
"1991",2
"1992",1
"1993",1
"1994",1
"1995",1
"1996",1
"1997",1
"1998",1
"1999",5
"2000",2
"2001",1
"2002",1
"2003",16
"2004",1
"2005",1
"2006",1
"2007",5
"2008",2
"2009",1
"2010",1
"2011",8
"2012",4
"2013",5
"2014",2
"2015",4
"2016",6
"2017",2
"2018",1
"2019",1
"2020",1
"2021",6
"2022",1
"2023",2
"2024",1
"2025",1
"2026",1
"2027",1
"2028",2
"2029",1
"2030",4
"2031",1
"2032",3
"2033",1
"2034",12
"2035",5
"2036",2
"2037",1
"2038",1
"2039",3
"2040",1
"2041",1
"2042",3
"2043",1
"2044",7
"2045",7
"2046",1
"2047",4
"2048",2
"2049",4
"2050",5
"2051",1
"2052",2
"2053",3
"2054",1
"2055",1
"2056",6
"2057",2
"2058",4
"2059",3
"2060",1
"2061",3
"2062",4
"2063",1
"2064",1
"2065",1
"2066",2
"2067",9
"2068",7
"2069",2
"2070",7
"2071",3
"2072",13
"2073",1
"2074",9
"2075",1
"2076",6
"2077",11
"2078",1
"2079",3
"2080",6
"2081",1
"2082",1
"2083",1
"2084",2
"2085",1
"2086",1
"2087",10
"2088",1
"2089",2
"2090",10
"2091",1
"2092",1
"2093",1
"2094",3
"2095",2
"2096",2
"2097",10
"2098",1
"2099",2
"2100",1
"2101",14
"2102",1
"2103",1
"2104",1
"2105",12
"2106",3
"2107",1
"2108",8
"2109",6
"2110",3
"2111",1
"2112",1
"2113",2
"2114",2
"2115",1
"2116",9
"2117",1
"2118",12
"2119",1
"2120",1
"2121",1
"2122",2
"2123",4
"2124",1
"2125",2
"2126",1
"2127",3
"2128",5
"2129",5
"2130",10
"2131",5
"2132",5
"2133",5
"2134",1
"2135",1
"2136",1
"2137",3
"2138",11
"2139",8
"2140",2
"2141",10
"2142",1
"2143",1
"2144",1
"2145",1
"2146",8
"2147",11
"2148",3
"2149",1
"2150",1
"2151",1
"2152",9
"2153",1
"2154",1
"2155",1
"2156",1
"2157",1
"2158",4
"2159",1
"2160",5
"2161",1
"2162",2
"2163",13
"2164",1
"2165",7
"2166",5
"2167",1
"2168",1
"2169",14
"2170",1
"2171",1
"2172",8
"2173",5
"2174",2
"2175",3
"2176",1
"2177",3
"2178",1
"2179",6
"2180",1
"2181",7
"2182",2
"2183",1
"2184",1
"2185",2
"2186",1
"2187",4
"2188",2
"2189",1
"2190",2
"2191",4
"2192",2
"2193",3
"2194",7
"2195",2
"2196",8
"2197",4
"2198",10
"2199",2
"2200",4
"2201",4
"2202",1
"2203",1
"2204",4
"2205",11
"2206",8
"2207",4
"2208",1
"2209",1
"2210",2
"2211",7
"2212",1
"2213",1
"2214",5
"2215",1
"2216",1
"2217",1
"2218",4
"2219",1
"2220",1
"2221",1
"2222",6
"2223",1
"2224",20
"2225",1
"2226",15
"2227",1
"2228",1
"2229",1
"2230",1
"2231",3
"2232",5
"2233",1
"2234",2
"2235",1
"2236",1
"2237",1
"2238",1
"2239",10
"2240",1
"2241",5
"2242",1
"2243",7
"2244",1
"2245",2
"2246",11
"2247",5
"2248",3
"2249",18
"2250",1
"2251",1
"2252",1
"2253",1
"2254",2
"2255",10
"2256",5
"2257",1
"2258",2
"2259",1
"2260",2
"2261",1
"2262",2
"2263",1
"2264",5
"2265",2
"2266",8
"2267",1
"2268",2
"2269",4
"2270",1
"2271",5
"2272",1
"2273",1
"2274",1
"2275",7
"2276",1
"2277",6
"2278",11
"2279",1
"2280",1
"2281",2
"2282",3
"2283",8
"2284",1
"2285",1
"2286",10
"2287",7
"2288",21
"2289",2
"2290",11
"2291",1
"2292",1
"2293",1
"2294",2
"2295",1
"2296",1
"2297",1
"2298",1
"2299",1
"2300",2
"2301",7
"2302",3
"2303",7
"2304",1
"2305",1
"2306",1
"2307",1
"2308",3
"2309",1
"2310",1
"2311",7
"2312",9
"2313",2
"2314",1
"2315",1
"2316",1
"2317",1
"2318",7
"2319",2
"2320",1
"2321",1
"2322",1
"2323",2
"2324",1
"2325",1
"2326",1
"2327",5
"2328",1
"2329",1
"2330",1
"2331",2
"2332",2
"2333",13
"2334",9
"2335",3
"2336",1
"2337",3
"2338",7
"2339",1
"2340",9
"2341",2
"2342",7
"2343",1
"2344",6
"2345",8
"2346",10
"2347",1
"2348",8
"2349",4
"2350",3
"2351",2
"2352",1
"2353",1
"2354",1
"2355",5
"2356",1
"2357",1
"2358",5
"2359",1
"2360",1
"2361",5
"2362",2
"2363",1
"2364",6
"2365",1
"2366",1
"2367",5
"2368",4
"2369",1
"2370",1
"2371",1
"2372",3
"2373",1
"2374",1
"2375",3
"2376",1
"2377",1
"2378",3
"2379",1
"2380",1
"2381",1
"2382",1
"2383",1
"2384",1
"2385",1
"2386",2
"2387",1
"2388",1
"2389",1
"2390",1
"2391",1
"2392",1
"2393",1
"2394",5
"2395",1
"2396",1
"2397",1
"2398",2
"2399",1
"2400",2
"2401",1
"2402",1
"2403",1
"2404",4
"2405",1
"2406",1
"2407",5
"2408",8
"2409",1
"2410",1
"2411",1
"2412",1
"2413",1
"2414",12
"2415",2
"2416",3
"2417",4
"2418",1
"2419",1
"2420",2
"2421",1
"2422",10
"2423",1
"2424",2
"2425",4
"2426",9
"2427",1
"2428",1
"2429",4
"2430",2
"2431",1
"2432",1
"2433",1
"2434",1
"2435",1
"2436",1
"2437",1
"2438",1
"2439",7
"2440",8
"2441",1
"2442",1
"2443",11
"2444",2
"2445",2
"2446",2
"2447",4
"2448",1
"2449",1
"2450",1
"2451",1
"2452",1
"2453",2
"2454",1
"2455",1
"2456",1
"2457",9
"2458",3
"2459",1
"2460",5
"2461",6
"2462",1
"2463",1
"2464",12
"2465",1
"2466",5
"2467",1
"2468",2
"2469",2
"2470",2
"2471",2
"2472",2
"2473",8
"2474",6
"2475",1
"2476",1
"2477",2
"2478",1
"2479",5
"2480",1
"2481",1
"2482",3
"2483",9
"2484",13
"2485",2
"2486",1
"2487",4
"2488",19
"2489",3
"2490",1
"2491",21
"2492",1
"2493",6
"2494",1
"2495",1
"2496",2
"2497",6
"2498",5
"2499",4
"2500",13
"2501",1
"2502",13
"2503",1
"2504",1
"2505",3
"2506",1
"2507",1
"2508",1
"2509",22
"2510",2
"2511",2
"2512",4
"2513",1
"2514",1
"2515",1
"2516",3
"2517",5
"2518",7
"2519",1
"2520",11
"2521",7
"2522",4
"2523",2
"2524",3
"2525",1
"2526",4
"2527",4
"2528",2
"2529",1
"2530",3
"2531",3
"2532",7
"2533",3
"2534",1
"2535",1
"2536",3
"2537",1
"2538",2
"2539",1
"2540",12
"2541",1
"2542",2
"2543",1
"2544",1
"2545",1
"2546",4
"2547",4
"2548",2
"2549",2
"2550",1
"2551",16
"2552",16
"2553",1
"2554",1
"2555",5
"2556",1
"2557",4
"2558",1
"2559",12
"2560",3
"2561",1
"2562",1
"2563",6
"2564",3
"2565",1
"2566",1
"2567",1
"2568",1
"2569",1
"2570",2
"2571",4
"2572",1
"2573",1
"2574",1
"2575",3
"2576",3
"2577",2
"2578",2
"2579",11
"2580",1
"2581",1
"2582",5
"2583",3
"2584",1
"2585",1
"2586",1
"2587",1
"2588",6
"2589",2
"2590",6
"2591",3
"2592",1
"2593",1
"2594",1
"2595",1
"2596",1
"2597",5
"2598",3
"2599",2
"2600",1
"2601",1
"2602",1
"2603",1
"2604",4
"2605",1
"2606",1
"2607",2
"2608",4
"2609",1
"2610",2
"2611",4
"2612",7
"2613",3
"2614",1
"2615",1
"2616",1
"2617",3
"2618",1
"2619",1
"2620",4
"2621",2
"2622",2
"2623",10
"2624",3
"2625",1
"2626",1
"2627",1
"2628",2
"2629",1
"2630",1
"2631",1
"2632",1
"2633",1
"2634",2
"2635",1
"2636",1
"2637",1
"2638",1
"2639",2
"2640",1
"2641",4
"2642",5
"2643",12
"2644",2
"2645",1
"2646",1
"2647",1
"2648",3
"2649",1
"2650",4
"2651",2
"2652",1
"2653",1
"2654",1
"2655",1
"2656",1
"2657",3
"2658",3
"2659",1
"2660",1
"2661",19
"2662",1
"2663",2
"2664",3
"2665",1
"2666",2
"2667",1
"2668",7
"2669",10
"2670",4
"2671",4
"2672",14
"2673",1
"2674",1
"2675",12
"2676",3
"2677",1
"2678",4
"2679",10
"2680",1
"2681",4
"2682",1
"2683",1
"2684",7
"2685",1
"2686",1
"2687",1
"2688",11
"2689",1
"2690",1
"2691",1
"2692",1
"2693",1
"2694",2
"2695",1
"2696",5
"2697",1
"2698",6
"2699",1
"2700",3
"2701",1
"2702",1
"2703",1
"2704",1
"2705",1
"2706",2
"2707",1
"2708",6
"2709",2
"2710",9
"2711",1
"2712",2
"2713",1
"2714",3
"2715",1
"2716",1
"2717",3
"2718",9
"2719",2
"2720",1
"2721",1
"2722",1
"2723",1
"2724",3
"2725",2
"2726",1
"2727",7
"2728",1
"2729",1
"2730",1
"2731",2
"2732",4
"2733",1
"2734",1
"2735",1
"2736",1
"2737",1
"2738",2
"2739",8
"2740",13
"2741",9
"2742",1
"2743",2
"2744",1
"2745",1
"2746",2
"2747",3
"2748",3
"2749",2
"2750",1
"2751",1
"2752",24
"2753",2
"2754",3
"2755",1
"2756",9
"2757",1
"2758",1
"2759",2
"2760",5
"2761",20
"2762",8
"2763",4
"2764",10
"2765",4
"2766",1
"2767",16
"2768",1
"2769",1
"2770",1
"2771",2
"2772",4
"2773",3
"2774",21
"2775",24
"2776",1
"2777",1
"2778",1
"2779",1
"2780",5
"2781",1
"2782",3
"2783",6
"2784",2
"2785",1
"2786",2
"2787",1
"2788",2
"2789",3
"2790",1
"2791",1
"2792",1
"2793",7
"2794",1
"2795",1
"2796",1
"2797",4
"2798",2
"2799",1
"2800",4
"2801",1
"2802",1
"2803",2
"2804",15
"2805",1
"2806",1
"2807",5
"2808",1
"2809",1
"2810",1
"2811",1
"2812",1
"2813",2
"2814",2
"2815",1
"2816",1
"2817",7
"2818",2
"2819",2
"2820",1
"2821",1
"2822",3
"2823",5
"2824",3
"2825",1
"2826",1
"2827",1
"2828",1
"2829",1
"2830",1
"2831",1
"2832",1
"2833",3
"2834",1
"2835",5
"2836",1
"2837",1
"2838",1
"2839",7
"2840",1
"2841",1
"2842",1
"2843",4
"2844",1
"2845",3
"2846",5
"2847",1
"2848",12
"2849",2
"2850",9
"2851",1
"2852",1
"2853",2
"2854",1
"2855",1
"2856",3
"2857",6
"2858",1
"2859",1
"2860",12
"2861",1
"2862",3
"2863",6
"2864",8
"2865",2
"2866",1
"2867",1
"2868",2
"2869",22
"2870",5
"2871",9
"2872",3
"2873",5
"2874",4
"2875",1
"2876",3
"2877",5
"2878",10
"2879",13
"2880",1
"2881",1
"2882",1
"2883",1
"2884",1
"2885",2
"2886",1
"2887",4
"2888",3
"2889",3
"2890",2
"2891",15
"2892",1
"2893",1
"2894",1
"2895",4
"2896",1
"2897",5
"2898",7
"2899",1
"2900",1
"2901",1
"2902",1
"2903",1
"2904",2
"2905",3
"2906",10
"2907",3
"2908",4
"2909",1
"2910",1
"2911",4
"2912",3
"2913",2
"2914",4
"2915",2
"2916",5
"2917",1
"2918",2
"2919",6
"2920",1
"2921",1
"2922",3
"2923",1
"2924",1
"2925",1
"2926",3
"2927",6
"2928",1
"2929",1
"2930",14
"2931",1
"2932",2
"2933",2
"2934",1
"2935",1
"2936",1
"2937",2
"2938",10
"2939",1
"2940",5
"2941",1
"2942",1
"2943",1
"2944",1
"2945",1
"2946",1
"2947",3
"2948",1
"2949",18
"2950",1
"2951",1
"2952",3
"2953",3
"2954",1
"2955",2
"2956",1
"2957",1
"2958",4
"2959",1
"2960",5
"2961",1
"2962",1
"2963",10
"2964",9
"2965",1
"2966",1
"2967",3
"2968",1
"2969",4
"2970",1
"2971",1
"2972",2
"2973",4
"2974",1
"2975",4
"2976",2
"2977",4
"2978",2
"2979",2
"2980",1
"2981",6
"2982",1
"2983",1
"2984",1
"2985",1
"2986",1
"2987",1
"2988",1
"2989",1
"2990",6
"2991",11
"2992",4
"2993",1
"2994",1
"2995",4
"2996",4
"2997",1
"2998",1
"2999",3
"3000",1
"3001",4
"3002",1
"3003",4
"3004",1
"3005",1
"3006",1
"3007",1
"3008",2
"3009",1
"3010",1
"3011",2
"3012",1
"3013",2
"3014",1
"3015",4
"3016",3
"3017",2
"3018",5
"3019",10
"3020",3
"3021",1
"3022",2
"3023",7
"3024",17
"3025",3
"3026",1
"3027",9
"3028",14
"3029",1
"3030",1
"3031",22
"3032",1
"3033",2
"3034",12
"3035",3
"3036",9
"3037",3
"3038",1
"3039",1
"3040",1
"3041",2
"3042",1
"3043",1
"3044",1
"3045",2
"3046",5
"3047",1
"3048",1
"3049",6
"3050",4
"3051",10
"3052",1
"3053",1
"3054",1
"3055",4
"3056",1
"3057",3
"3058",1
"3059",3
"3060",1
"3061",5
"3062",1
"3063",7
"3064",2
"3065",1
"3066",1
"3067",1
"3068",1
"3069",1
"3070",1
"3071",10
"3072",2
"3073",1
"3074",1
"3075",3
"3076",1
"3077",1
"3078",10
"3079",1
"3080",1
"3081",1
"3082",1
"3083",3
"3084",1
"3085",1
"3086",2
"3087",7
"3088",4
"3089",1
"3090",1
"3091",1
"3092",2
"3093",8
"3094",17
"3095",2
"3096",1
"3097",1
"3098",1
"3099",2
"3100",4
"3101",7
"3102",2
"3103",3
"3104",2
"3105",9
"3106",6
"3107",1
"3108",1
"3109",6
"3110",1
"3111",1
"3112",1
"3113",4
"3114",8
"3115",3
"3116",2
"3117",1
"3118",2
"3119",1
"3120",1
"3121",1
"3122",1
"3123",4
"3124",6
"3125",2
"3126",2
"3127",1
"3128",4
"3129",1
"3130",11
"3131",2
"3132",11
"3133",1
"3134",16
"3135",2
"3136",1
"3137",1
"3138",9
"3139",4
"3140",1
"3141",6
"3142",1
"3143",4
"3144",4
"3145",6
"3146",1
"3147",1
"3148",3
"3149",4
"3150",11
"3151",1
"3152",2
"3153",2
"3154",1
"3155",2
"3156",4
"3157",1
"3158",1
"3159",1
"3160",2
"3161",1
"3162",1
"3163",1
"3164",2
"3165",3
"3166",2
"3167",1
"3168",6
"3169",1
"3170",2
"3171",6
"3172",1
"3173",1
"3174",1
"3175",1
"3176",16
"3177",5
"3178",5
"3179",1
"3180",1
"3181",6
"3182",3
"3183",1
"3184",1
"3185",1
"3186",1
"3187",1
"3188",1
"3189",1
"3190",1
"3191",18
"3192",23
"3193",1
"3194",3
"3195",4
"3196",1
"3197",1
"3198",1
"3199",15
"3200",2
"3201",5
"3202",2
"3203",1
"3204",1
"3205",1
"3206",4
"3207",1
"3208",1
"3209",1
"3210",2
"3211",1
"3212",2
"3213",1
"3214",3
"3215",6
"3216",2
"3217",4
"3218",2
"3219",2
"3220",2
"3221",1
"3222",1
"3223",2
"3224",6
"3225",1
"3226",5
"3227",1
"3228",1
"3229",2
"3230",1
"3231",7
"3232",1
"3233",8
"3234",1
"3235",11
"3236",12
"3237",2
"3238",1
"3239",31
"3240",1
"3241",1
"3242",1
"3243",1
"3244",3
"3245",2
"3246",2
"3247",3
"3248",8
"3249",1
"3250",1
"3251",1
"3252",3
"3253",1
"3254",1
"3255",1
"3256",1
"3257",10
"3258",1
"3259",8
"3260",19
"3261",1
"3262",2
"3263",12
"3264",1
"3265",2
"3266",2
"3267",1
"3268",1
"3269",3
"3270",1
"3271",1
"3272",2
"3273",15
"3274",1
"3275",1
"3276",5
"3277",1
"3278",2
"3279",1
"3280",1
"3281",1
"3282",14
"3283",1
"3284",2
"3285",1
"3286",1
"3287",1
"3288",1
"3289",11
"3290",1
"3291",1
"3292",1
"3293",4
"3294",4
"3295",1
"3296",9
"3297",2
"3298",1
"3299",1
"3300",7
"3301",1
"3302",2
"3303",14
"3304",8
"3305",1
"3306",3
"3307",3
"3308",1
"3309",1
"3310",2
"3311",1
"3312",10
"3313",1
"3314",2
"3315",2
"3316",1
"3317",1
"3318",9
"3319",10
"3320",1
"3321",2
"3322",1
"3323",1
"3324",6
"3325",1
"3326",1
"3327",6
"3328",4
"3329",2
"3330",1
"3331",1
"3332",3
"3333",1
"3334",2
"3335",4
"3336",6
"3337",1
"3338",1
"3339",1
"3340",14
"3341",3
"3342",3
"3343",1
"3344",1
"3345",1
"3346",1
"3347",1
"3348",2
"3349",12
"3350",9
"3351",6
"3352",1
"3353",1
"3354",8
"3355",1
"3356",1
"3357",2
"3358",1
"3359",5
"3360",1
"3361",2
"3362",2
"3363",1
"3364",1
"3365",1
"3366",1
"3367",2
"3368",1
"3369",1
"3370",1
"3371",3
"3372",1
"3373",3
"3374",1
"3375",1
"3376",3
"3377",1
"3378",1
"3379",2
"3380",4
"3381",1
"3382",2
"3383",1
"3384",1
"3385",7
"3386",1
"3387",5
"3388",6
"3389",8
"3390",2
"3391",4
"3392",1
"3393",2
"3394",4
"3395",1
"3396",1
"3397",7
"3398",1
"3399",7
"3400",1
"3401",1
"3402",1
"3403",2
"3404",1
"3405",1
"3406",1
"3407",2
"3408",1
"3409",1
"3410",5
"3411",1
"3412",4
"3413",9
"3414",1
"3415",1
"3416",2
"3417",9
"3418",1
"3419",3
"3420",1
"3421",1
"3422",1
"3423",1
"3424",1
"3425",1
"3426",1
"3427",5
"3428",6
"3429",2
"3430",1
"3431",5
"3432",7
"3433",6
"3434",1
"3435",4
"3436",3
"3437",7
"3438",2
"3439",1
"3440",10
"3441",23
"3442",2
"3443",5
"3444",2
"3445",1
"3446",6
"3447",1
"3448",1
"3449",2
"3450",13
"3451",4
"3452",1
"3453",1
"3454",1
"3455",2
"3456",1
"3457",1
"3458",1
"3459",1
"3460",1
"3461",1
"3462",2
"3463",3
"3464",2
"3465",1
"3466",2
"3467",1
"3468",2
"3469",1
"3470",1
"3471",2
"3472",1
"3473",2
"3474",1
"3475",1
"3476",11
"3477",1
"3478",1
"3479",7
"3480",6
"3481",1
"3482",2
"3483",1
"3484",1
"3485",8
"3486",8
"3487",3
"3488",1
"3489",4
"3490",7
"3491",1
"3492",1
"3493",1
"3494",2
"3495",2
"3496",2
"3497",2
"3498",6
"3499",1
"3500",1
"3501",1
"3502",1
"3503",2
"3504",7
"3505",2
"3506",1
"3507",1
"3508",1
"3509",8
"3510",7
"3511",3
"3512",1
"3513",1
"3514",2
"3515",1
"3516",1
"3517",1
"3518",17
"3519",8
"3520",1
"3521",1
"3522",1
"3523",7
"3524",1
"3525",2
"3526",5
"3527",3
"3528",2
"3529",1
"3530",7
"3531",2
"3532",10
"3533",2
"3534",1
"3535",1
"3536",1
"3537",1
"3538",2
"3539",2
"3540",7
"3541",14
"3542",1
"3543",4
"3544",1
"3545",4
"3546",2
"3547",2
"3548",2
"3549",1
"3550",3
"3551",1
"3552",5
"3553",1
"3554",4
"3555",4
"3556",1
"3557",8
"3558",1
"3559",2
"3560",11
"3561",1
"3562",2
"3563",6
"3564",1
"3565",1
"3566",2
"3567",7
"3568",1
"3569",2
"3570",1
"3571",2
"3572",3
"3573",2
"3574",1
"3575",1
"3576",6
"3577",5
"3578",1
"3579",1
"3580",4
"3581",1
"3582",1
"3583",10
"3584",2
"3585",3
"3586",1
"3587",1
"3588",1
"3589",1
"3590",6
"3591",2
"3592",1
"3593",1
"3594",3
"3595",1
"3596",1
"3597",1
"3598",1
"3599",4
"3600",7
"3601",4
"3602",2
"3603",4
"3604",4
"3605",1
"3606",1
"3607",1
"3608",14
"3609",1
"3610",1
"3611",13
"3612",1
"3613",5
"3614",1
"3615",4
"3616",8
"3617",1
"3618",3
"3619",3
"3620",1
"3621",1
"3622",1
"3623",7
"3624",1
"3625",6
"3626",2
"3627",1
"3628",1
"3629",1
"3630",3
"3631",5
"3632",17
"3633",1
"3634",1
"3635",1
"3636",1
"3637",1
"3638",1
"3639",9
"3640",7
"3641",8
"3642",7
"3643",1
"3644",2
"3645",1
"3646",1
"3647",1
"3648",1
"3649",13
"3650",2
"3651",10
"3652",6
"3653",2
"3654",2
"3655",2
"3656",1
"3657",1
"3658",1
"3659",9
"3660",1
"3661",1
"3662",1
"3663",5
"3664",1
"3665",1
"3666",1
"3667",1
"3668",1
"3669",13
"3670",5
"3671",2
"3672",1
"3673",1
"3674",2
"3675",2
"3676",1
"3677",3
"3678",1
"3679",2
"3680",4
"3681",1
"3682",1
"3683",1
"3684",1
"3685",5
"3686",1
"3687",7
"3688",2
"3689",1
"3690",2
"3691",1
"3692",1
"3693",1
"3694",1
"3695",1
"3696",2
"3697",1
"3698",4
"3699",2
"3700",5
"3701",1
"3702",3
"3703",2
"3704",2
"3705",17
"3706",2
"3707",2
"3708",1
"3709",11
"3710",2
"3711",1
"3712",1
"3713",7
"3714",2
"3715",2
"3716",2
"3717",1
"3718",5
"3719",2
"3720",1
"3721",5
"3722",16
"3723",1
"3724",2
"3725",2
"3726",3
"3727",4
"3728",1
"3729",1
"3730",1
"3731",1
"3732",14
"3733",1
"3734",1
"3735",1
"3736",8
"3737",14
"3738",1
"3739",9
"3740",5
"3741",2
"3742",5
"3743",3
"3744",1
"3745",1
"3746",2
"3747",1
"3748",2
"3749",1
"3750",1
"3751",9
"3752",1
"3753",1
"3754",1
"3755",1
"3756",1
"3757",2
"3758",1
"3759",1
"3760",1
"3761",1
"3762",1
"3763",2
"3764",1
"3765",4
"3766",1
"3767",7
"3768",1
"3769",4
"3770",3
"3771",1
"3772",1
"3773",12
"3774",2
"3775",1
"3776",2
"3777",1
"3778",3
"3779",1
"3780",1
"3781",5
"3782",4
"3783",3
"3784",7
"3785",3
"3786",1
"3787",1
"3788",3
"3789",2
"3790",1
"3791",8
"3792",1
"3793",1
"3794",1
"3795",1
"3796",6
"3797",5
"3798",1
"3799",13
"3800",4
"3801",3
"3802",1
"3803",3
"3804",5
"3805",15
"3806",5
"3807",1
"3808",1
"3809",5
"3810",1
"3811",11
"3812",2
"3813",1
"3814",3
"3815",3
"3816",9
"3817",1
"3818",4
"3819",8
"3820",3
"3821",1
"3822",7
"3823",1
"3824",3
"3825",13
"3826",2
"3827",1
"3828",7
"3829",6
"3830",1
"3831",1
"3832",7
"3833",1
"3834",2
"3835",1
"3836",3
"3837",1
"3838",2
"3839",2
"3840",2
"3841",10
"3842",6
"3843",1
"3844",1
"3845",6
"3846",1
"3847",3
"3848",3
"3849",1
"3850",3
"3851",1
"3852",1
"3853",2
"3854",8
"3855",1
"3856",1
"3857",7
"3858",2
"3859",1
"3860",11
"3861",1
"3862",4
"3863",1
"3864",8
"3865",1
"3866",1
"3867",3
"3868",12
"3869",10
"3870",2
"3871",2
"3872",1
"3873",2
"3874",1
"3875",1
"3876",5
"3877",9
"3878",13
"3879",1
"3880",3
"3881",6
"3882",2
"3883",12
"3884",1
"3885",3
"3886",1
"3887",2
"3888",5
"3889",1
"3890",6
"3891",1
"3892",2
"3893",1
"3894",1
"3895",8
"3896",1
"3897",1
"3898",1
"3899",4
"3900",1
"3901",1
"3902",4
"3903",8
"3904",2
"3905",1
"3906",5
"3907",1
"3908",1
"3909",1
"3910",3
"3911",1
"3912",4
"3913",9
"3914",3
"3915",4
"3916",2
"3917",1
"3918",1
"3919",1
"3920",4
"3921",1
"3922",10
"3923",3
"3924",6
"3925",1
"3926",7
"3927",1
"3928",1
"3929",4
"3930",6
"3931",1
"3932",3
"3933",3
"3934",3
"3935",1
"3936",2
"3937",1
"3938",1
"3939",13
"3940",3
"3941",2
"3942",1
"3943",3
"3944",3
"3945",2
"3946",1
"3947",1
"3948",1
"3949",1
"3950",1
"3951",1
"3952",19
"3953",1
"3954",8
"3955",2
"3956",2
"3957",1
"3958",1
"3959",4
"3960",2
"3961",1
"3962",1
"3963",1
"3964",1
"3965",9
"3966",1
"3967",1
"3968",2
"3969",1
"3970",2
"3971",6
"3972",2
"3973",4
"3974",4
"3975",2
"3976",1
"3977",1
"3978",12
"3979",3
"3980",3
"3981",2
"3982",1
"3983",2
"3984",1
"3985",1
"3986",1
"3987",2
"3988",5
"3989",2
"3990",1
"3991",4
"3992",8
"3993",1
"3994",11
"3995",16
"3996",1
"3997",4
"3998",1
"3999",1
"4000",1
"4001",4
"4002",2
"4003",1
"4004",2
"4005",1
"4006",5
"4007",1
"4008",8
"4009",1
"4010",6
"4011",3
"4012",1
"4013",3
"4014",1
"4015",9
"4016",1
"4017",2
"4018",1
"4019",1
"4020",2
"4021",1
"4022",1
"4023",11
"4024",2
"4025",19
"4026",6
"4027",4
"4028",1
"4029",1
"4030",1
"4031",2
"4032",1
"4033",8
"4034",9
"4035",3
"4036",3
"4037",3
"4038",1
"4039",7
"4040",1
"4041",1
"4042",3
"4043",10
"4044",2
"4045",6
"4046",2
"4047",1
"4048",2
"4049",1
"4050",1
"4051",2
"4052",1
"4053",11
"4054",3
"4055",1
"4056",8
"4057",1
"4058",2
"4059",3
"4060",1
"4061",2
"4062",2
"4063",4
"4064",4
"4065",1
"4066",1
"4067",1
"4068",4
"4069",8
"4070",1
"4071",6
"4072",1
"4073",1
"4074",6
"4075",1
"4076",1
"4077",13
"4078",1
"4079",2
"4080",2
"4081",4
"4082",1
"4083",4
"4084",2
"4085",1
"4086",1
"4087",3
"4088",1
"4089",2
"4090",1
"4091",1
"4092",6
"4093",3
"4094",4
"4095",1
"4096",1
"4097",1
"4098",1
"4099",3
"4100",1
"4101",1
"4102",1
"4103",1
"4104",1
"4105",1
"4106",1
"4107",1
"4108",4
"4109",1
"4110",3
"4111",1
"4112",1
"4113",1
"4114",1
"4115",1
"4116",1
"4117",1
"4118",1
"4119",1
"4120",11
"4121",3
"4122",1
"4123",2
"4124",1
"4125",2
"4126",2
"4127",5
"4128",15
"4129",1
"4130",16
"4131",2
"4132",1
"4133",1
"4134",1
"4135",8
"4136",3
"4137",1
"4138",4
"4139",2
"4140",1
"4141",12
"4142",7
"4143",1
"4144",1
"4145",1
"4146",1
"4147",1
"4148",2
"4149",1
"4150",1
"4151",11
"4152",1
"4153",4
"4154",8
"4155",1
"4156",1
"4157",1
"4158",1
"4159",1
"4160",8
"4161",1
"4162",1
"4163",2
"4164",2
"4165",3
"4166",6
"4167",2
"4168",2
"4169",2
"4170",1
"4171",2
"4172",6
"4173",3
"4174",2
"4175",1
"4176",4
"4177",3
"4178",8
"4179",2
"4180",1
"4181",3
"4182",1
"4183",1
"4184",2
"4185",1
"4186",2
"4187",1
"4188",1
"4189",1
"4190",1
"4191",1
"4192",2
"4193",1
"4194",1
"4195",1
"4196",1
"4197",1
"4198",8
"4199",20
"4200",2
"4201",8
"4202",1
"4203",2
"4204",2
"4205",1
"4206",2
"4207",1
"4208",5
"4209",7
"4210",1
"4211",6
"4212",6
"4213",1
"4214",1
"4215",1
"4216",1
"4217",5
"4218",1
"4219",1
"4220",1
"4221",1
"4222",2
"4223",8
"4224",1
"4225",2
"4226",2
"4227",2
"4228",1
"4229",1
"4230",6
"4231",3
"4232",3
"4233",1
"4234",4
"4235",1
"4236",4
"4237",1
"4238",2
"4239",2
"4240",2
"4241",2
"4242",1
"4243",5
"4244",1
"4245",3
"4246",1
"4247",3
"4248",2
"4249",4
"4250",1
"4251",3
"4252",1
"4253",1
"4254",11
"4255",2
"4256",2
"4257",10
"4258",1
"4259",5
"4260",6
"4261",1
"4262",2
"4263",1
"4264",3
"4265",3
"4266",4
"4267",2
"4268",1
"4269",1
"4270",6
"4271",2
"4272",8
"4273",3
"4274",1
"4275",1
"4276",1
"4277",1
"4278",1
"4279",6
"4280",1
"4281",4
"4282",1
"4283",5
"4284",1
"4285",1
"4286",1
"4287",1
"4288",1
"4289",4
"4290",11
"4291",1
"4292",1
"4293",3
"4294",3
"4295",11
"4296",3
"4297",4
"4298",6
"4299",3
"4300",1
"4301",5
"4302",1
"4303",1
"4304",2
"4305",1
"4306",5
"4307",2
"4308",8
"4309",2
"4310",1
"4311",2
"4312",1
"4313",3
"4314",3
"4315",3
"4316",1
"4317",3
"4318",1
"4319",4
"4320",4
"4321",1
"4322",3
"4323",1
"4324",1
"4325",6
"4326",1
"4327",2
"4328",1
"4329",1
"4330",7
"4331",1
"4332",1
"4333",1
"4334",1
"4335",1
"4336",1
"4337",3
"4338",1
"4339",15
"4340",1
"4341",2
"4342",2
"4343",2
"4344",1
"4345",1
"4346",1
"4347",3
"4348",8
"4349",2
"4350",4
"4351",2
"4352",3
"4353",8
"4354",8
"4355",7
"4356",5
"4357",1
"4358",1
"4359",5
"4360",1
"4361",2
"4362",8
"4363",1
"4364",14
"4365",1
"4366",3
"4367",2
"4368",1
"4369",1
"4370",4
"4371",1
"4372",3
"4373",1
"4374",4
"4375",1
"4376",2
"4377",1
"4378",1
"4379",3
"4380",1
"4381",13
"4382",1
"4383",2
"4384",1
"4385",7
"4386",3
"4387",2
"4388",1
"4389",3
"4390",6
"4391",1
"4392",2
"4393",1
"4394",1
"4395",1
"4396",1
"4397",1
"4398",1
"4399",1
"4400",2
"4401",9
"4402",1
"4403",6
"4404",1
"4405",1
"4406",1
"4407",8
"4408",1
"4409",8
"4410",10
"4411",1
"4412",3
"4413",2
"4414",13
"4415",1
"4416",1
"4417",9
"4418",6
"4419",3
"4420",3
"4421",6
"4422",3
"4423",2
"4424",1
"4425",4
"4426",2
"4427",12
"4428",1
"4429",1
"4430",6
"4431",1
"4432",1
"4433",2
"4434",1
"4435",6
"4436",6
"4437",2
"4438",1
"4439",1
"4440",1
"4441",4
"4442",2
"4443",2
"4444",1
"4445",1
"4446",1
"4447",9
"4448",6
"4449",1
"4450",1
"4451",9
"4452",1
"4453",1
"4454",2
"4455",1
"4456",1
"4457",1
"4458",2
"4459",3
"4460",1
"4461",2
"4462",4
"4463",1
"4464",1
"4465",3
"4466",13
"4467",1
"4468",3
"4469",1
"4470",1
"4471",9
"4472",1
"4473",1
"4474",1
"4475",2
"4476",6
"4477",2
"4478",2
"4479",1
"4480",1
"4481",1
"4482",8
"4483",2
"4484",1
"4485",2
"4486",1
"4487",2
"4488",1
"4489",2
"4490",2
"4491",1
"4492",1
"4493",1
"4494",4
"4495",1
"4496",1
"4497",2
"4498",2
"4499",3
"4500",10
"4501",6
"4502",2
"4503",1
"4504",12
"4505",1
"4506",2
"4507",1
"4508",1
"4509",1
"4510",1
"4511",1
"4512",1
"4513",17
"4514",10
"4515",2
"4516",1
"4517",1
"4518",1
"4519",1
"4520",3
"4521",1
"4522",5
"4523",20
"4524",1
"4525",3
"4526",5
"4527",1
"4528",1
"4529",1
"4530",3
"4531",10
"4532",1
"4533",11
"4534",3
"4535",2
"4536",3
"4537",1
"4538",1
"4539",1
"4540",1
"4541",1
"4542",1
"4543",3
"4544",1
"4545",2
"4546",1
"4547",2
"4548",2
"4549",19
"4550",3
"4551",2
"4552",1
"4553",1
"4554",6
"4555",3
"4556",3
"4557",1
"4558",3
"4559",1
"4560",1
"4561",14
"4562",5
"4563",12
"4564",1
"4565",3
"4566",1
"4567",1
"4568",3
"4569",1
"4570",1
"4571",1
"4572",1
"4573",3
"4574",13
"4575",1
"4576",3
"4577",7
"4578",3
"4579",2
"4580",7
"4581",1
"4582",1
"4583",8
"4584",1
"4585",1
"4586",8
"4587",1
"4588",1
"4589",2
"4590",1
"4591",21
"4592",2
"4593",3
"4594",1
"4595",2
"4596",3
"4597",5
"4598",1
"4599",2
"4600",1
"4601",11
"4602",5
"4603",1
"4604",2
"4605",1
"4606",3
"4607",10
"4608",1
"4609",4
"4610",6
"4611",9
"4612",1
"4613",1
"4614",3
"4615",18
"4616",1
"4617",1
"4618",3
"4619",7
"4620",1
"4621",1
"4622",3
"4623",1
"4624",2
"4625",1
"4626",1
"4627",2
"4628",1
"4629",1
"4630",8
"4631",3
"4632",1
"4633",1
"4634",5
"4635",1
"4636",1
"4637",7
"4638",4
"4639",2
"4640",3
"4641",2
"4642",4
"4643",1
"4644",1
"4645",2
"4646",1
"4647",1
"4648",1
"4649",1
"4650",1
"4651",2
"4652",1
"4653",7
"4654",2
"4655",1
"4656",1
"4657",1
"4658",1
"4659",2
"4660",8
"4661",1
"4662",4
"4663",1
"4664",2
"4665",7
"4666",7
"4667",1
"4668",4
"4669",10
"4670",1
"4671",1
"4672",5
"4673",3
"4674",1
"4675",17
"4676",4
"4677",2
"4678",2
"4679",1
"4680",2
"4681",13
"4682",2
"4683",1
"4684",1
"4685",1
"4686",26
"4687",2
"4688",3
"4689",1
"4690",1
"4691",1
"4692",2
"4693",1
"4694",1
"4695",1
"4696",4
"4697",4
"4698",6
"4699",1
"4700",4
"4701",11
"4702",3
"4703",1
"4704",1
"4705",5
"4706",3
"4707",6
"4708",1
"4709",1
"4710",5
"4711",3
"4712",18
"4713",23
"4714",1
"4715",15
"4716",1
"4717",12
"4718",6
"4719",1
"4720",1
"4721",2
"4722",11
"4723",2
"4724",2
"4725",2
"4726",1
"4727",1
"4728",5
"4729",3
"4730",18
"4731",2
"4732",4
"4733",1
"4734",1
"4735",1
"4736",2
"4737",5
"4738",1
"4739",7
"4740",1
"4741",1
"4742",5
"4743",15
"4744",15
"4745",1
"4746",1
"4747",3
"4748",2
"4749",6
"4750",1
"4751",1
"4752",1
"4753",5
"4754",2
"4755",3
"4756",2
"4757",1
"4758",6
"4759",3
"4760",5
"4761",1
"4762",1
"4763",2
"4764",2
"4765",1
"4766",5
"4767",3
"4768",1
"4769",6
"4770",3
"4771",1
"4772",2
"4773",2
"4774",1
"4775",3
"4776",2
"4777",4
"4778",1
"4779",1
"4780",8
"4781",3
"4782",2
"4783",2
"4784",1
"4785",1
"4786",2
"4787",3
"4788",2
"4789",1
"4790",1
"4791",5
"4792",1
"4793",2
"4794",1
"4795",1
"4796",3
"4797",1
"4798",2
"4799",1
"4800",4
"4801",1
"4802",2
"4803",1
"4804",1
"4805",1
"4806",1
"4807",1
"4808",1
"4809",1
"4810",1
"4811",1
"4812",3
"4813",6
"4814",2
"4815",3
"4816",1
"4817",8
"4818",2
"4819",2
"4820",14
"4821",1
"4822",1
"4823",2
"4824",1
"4825",2
"4826",2
"4827",3
"4828",4
"4829",11
"4830",1
"4831",12
"4832",2
"4833",1
"4834",1
"4835",1
"4836",1
"4837",2
"4838",4
"4839",17
"4840",1
"4841",4
"4842",1
"4843",7
"4844",4
"4845",1
"4846",1
"4847",1
"4848",1
"4849",3
"4850",6
"4851",2
"4852",2
"4853",1
"4854",1
"4855",2
"4856",2
"4857",1
"4858",1
"4859",1
"4860",12
"4861",2
"4862",1
"4863",1
"4864",7
"4865",1
"4866",1
"4867",1
"4868",1
"4869",2
"4870",8
"4871",2
"4872",1
"4873",12
"4874",1
"4875",6
"4876",1
"4877",10
"4878",1
"4879",3
"4880",4
"4881",3
"4882",1
"4883",1
"4884",2
"4885",1
"4886",1
"4887",1
"4888",2
"4889",2
"4890",10
"4891",4
"4892",7
"4893",1
"4894",2
"4895",3
"4896",1
"4897",9
"4898",1
"4899",1
"4900",11
"4901",1
"4902",1
"4903",1
"4904",1
"4905",9
"4906",1
"4907",1
"4908",1
"4909",14
"4910",3
"4911",7
"4912",13
"4913",1
"4914",3
"4915",1
"4916",1
"4917",2
"4918",2
"4919",1
"4920",1
"4921",9
"4922",8
"4923",1
"4924",1
"4925",2
"4926",2
"4927",4
"4928",1
"4929",1
"4930",1
"4931",1
"4932",1
"4933",1
"4934",7
"4935",1
"4936",3
"4937",1
"4938",1
"4939",1
"4940",1
"4941",1
"4942",1
"4943",7
"4944",7
"4945",8
"4946",1
"4947",1
"4948",1
"4949",1
"4950",5
"4951",4
"4952",6
"4953",7
"4954",1
"4955",1
"4956",7
"4957",3
"4958",1
"4959",13
"4960",5
"4961",10
"4962",1
"4963",1
"4964",1
"4965",1
"4966",1
"4967",1
"4968",3
"4969",12
"4970",1
"4971",1
"4972",1
"4973",3
"4974",4
"4975",2
"4976",8
"4977",1
"4978",11
"4979",1
"4980",3
"4981",1
"4982",2
"4983",3
"4984",11
"4985",2
"4986",1
"4987",1
"4988",3
"4989",9
"4990",1
"4991",1
"4992",1
"4993",3
"4994",1
"4995",10
"4996",1
"4997",2
"4998",1
"4999",11
"5000",16
"5001",17
"5002",1
"5003",1
"5004",6
"5005",5
"5006",1
"5007",4
"5008",8
"5009",1
"5010",1
"5011",1
"5012",1
"5013",3
"5014",1
"5015",1
"5016",1
"5017",1
"5018",1
"5019",1
"5020",1
"5021",2
"5022",1
"5023",9
"5024",1
"5025",1
"5026",2
"5027",1
"5028",1
"5029",7
"5030",8
"5031",1
"5032",14
"5033",1
"5034",21
"5035",1
"5036",1
"5037",1
"5038",1
"5039",8
"5040",2
"5041",1
"5042",1
"5043",3
"5044",3
"5045",8
"5046",1
"5047",1
"5048",1
"5049",1
"5050",2
"5051",2
"5052",1
"5053",1
"5054",1
"5055",1
"5056",7
"5057",2
"5058",4
"5059",1
"5060",1
"5061",1
"5062",8
"5063",1
"5064",1
"5065",1
"5066",3
"5067",2
"5068",1
"5069",1
"5070",1
"5071",1
"5072",1
"5073",5
"5074",3
"5075",1
"5076",2
"5077",2
"5078",3
"5079",2
"5080",6
"5081",2
"5082",2
"5083",5
"5084",3
"5085",10
"5086",1
"5087",1
"5088",1
"5089",2
"5090",1
"5091",6
"5092",5
"5093",1
"5094",1
"5095",12
"5096",2
"5097",1
"5098",8
"5099",1
"5100",1
"5101",3
"5102",3
"5103",3
"5104",1
"5105",4
"5106",1
"5107",6
"5108",1
"5109",1
"5110",4
"5111",1
"5112",1
"5113",1
"5114",1
"5115",3
"5116",2
"5117",1
"5118",1
"5119",1
"5120",10
"5121",3
"5122",7
"5123",9
"5124",17
"5125",4
"5126",1
"5127",1
"5128",7
"5129",2
"5130",1
"5131",2
"5132",1
"5133",1
"5134",1
"5135",3
"5136",1
"5137",1
"5138",2
"5139",4
"5140",1
"5141",1
"5142",1
"5143",3
"5144",1
"5145",2
"5146",5
"5147",3
"5148",1
"5149",1
"5150",1
"5151",1
"5152",1
"5153",3
"5154",4
"5155",1
"5156",4
"5157",1
"5158",1
"5159",2
"5160",2
"5161",1
"5162",1
"5163",3
"5164",1
"5165",2
"5166",1
"5167",1
"5168",5
"5169",1
"5170",4
"5171",1
"5172",5
"5173",1
"5174",12
"5175",4
"5176",1
"5177",16
"5178",2
"5179",2
"5180",2
"5181",1
"5182",20
"5183",1
"5184",3
"5185",5
"5186",5
"5187",1
"5188",1
"5189",3
"5190",21
"5191",1
"5192",1
"5193",33
"5194",4
"5195",2
"5196",1
"5197",1
"5198",1
"5199",9
"5200",2
"5201",2
"5202",1
"5203",1
"5204",1
"5205",2
"5206",1
"5207",1
"5208",5
"5209",4
"5210",1
"5211",1
"5212",2
"5213",1
"5214",1
"5215",1
"5216",1
"5217",8
"5218",1
"5219",1
"5220",5
"5221",8
"5222",1
"5223",1
"5224",2
"5225",1
"5226",2
"5227",2
"5228",11
"5229",7
"5230",3
"5231",1
"5232",7
"5233",3
"5234",1
"5235",1
"5236",1
"5237",2
"5238",12
"5239",1
"5240",1
"5241",5
"5242",1
"5243",1
"5244",4
"5245",9
"5246",1
"5247",10
"5248",7
"5249",1
"5250",2
"5251",5
"5252",1
"5253",1
"5254",1
"5255",2
"5256",1
"5257",1
"5258",7
"5259",2
"5260",3
"5261",2
"5262",13
"5263",6
"5264",11
"5265",3
"5266",1
"5267",6
"5268",2
"5269",1
"5270",5
"5271",6
"5272",2
"5273",7
"5274",1
"5275",1
"5276",1
"5277",2
"5278",1
"5279",2
"5280",2
"5281",3
"5282",1
"5283",5
"5284",8
"5285",6
"5286",1
"5287",40
"5288",1
"5289",1
"5290",1
"5291",11
"5292",2
"5293",1
"5294",1
"5295",1
"5296",5
"5297",1
"5298",1
"5299",5
"5300",7
"5301",8
"5302",3
"5303",17
"5304",14
"5305",14
"5306",3
"5307",1
"5308",1
"5309",2
"5310",3
"5311",3
"5312",2
"5313",1
"5314",10
"5315",1
"5316",1
"5317",2
"5318",3
"5319",1
"5320",1
"5321",1
"5322",7
"5323",4
"5324",2
"5325",3
"5326",14
"5327",1
"5328",2
"5329",2
"5330",1
"5331",1
"5332",1
"5333",1
"5334",4
"5335",2
"5336",2
"5337",13
"5338",2
"5339",5
"5340",2
"5341",1
"5342",2
"5343",3
"5344",1
"5345",6
"5346",4
"5347",1
"5348",8
"5349",1
"5350",1
"5351",1
"5352",5
"5353",1
"5354",8
"5355",1
"5356",6
"5357",1
"5358",1
"5359",2
"5360",1
"5361",1
"5362",1
"5363",1
"5364",1
"5365",8
"5366",1
"5367",7
"5368",1
"5369",2
"5370",1
"5371",1
"5372",1
"5373",11
"5374",17
"5375",1
"5376",2
"5377",8
"5378",2
"5379",1
"5380",1
"5381",5
"5382",2
"5383",1
"5384",1
"5385",1
"5386",2
"5387",1
"5388",1
"5389",1
"5390",2
"5391",1
"5392",1
"5393",6
"5394",19
"5395",1
"5396",1
"5397",2
"5398",3
"5399",1
"5400",4
"5401",1
"5402",1
"5403",1
"5404",1
"5405",1
"5406",1
"5407",1
"5408",9
"5409",1
"5410",3
"5411",3
"5412",5
"5413",15
"5414",1
"5415",1
"5416",2
"5417",1
"5418",1
"5419",2
"5420",1
"5421",2
"5422",10
"5423",2
"5424",1
"5425",5
"5426",10
"5427",2
"5428",2
"5429",1
"5430",1
"5431",2
"5432",2
"5433",1
"5434",6
"5435",1
"5436",1
"5437",3
"5438",1
"5439",3
"5440",1
"5441",1
"5442",3
"5443",1
"5444",1
"5445",1
"5446",1
"5447",3
"5448",16
"5449",1
"5450",3
"5451",1
"5452",3
"5453",5
"5454",3
"5455",1
"5456",1
"5457",17
"5458",2
"5459",3
"5460",1
"5461",5
"5462",1
"5463",15
"5464",2
"5465",1
"5466",1
"5467",1
"5468",1
"5469",2
"5470",1
"5471",1
"5472",1
"5473",1
"5474",1
"5475",1
"5476",16
"5477",1
"5478",6
"5479",2
"5480",1
"5481",7
"5482",1
"5483",1
"5484",4
"5485",4
"5486",1
"5487",1
"5488",2
"5489",1
"5490",3
"5491",1
"5492",1
"5493",2
"5494",11
"5495",1
"5496",2
"5497",1
"5498",11
"5499",8
"5500",9
"5501",3
"5502",3
"5503",1
"5504",4
"5505",1
"5506",9
"5507",2
"5508",1
"5509",1
"5510",2
"5511",8
"5512",1
"5513",2
"5514",2
"5515",1
"5516",2
"5517",2
"5518",1
"5519",11
"5520",2
"5521",1
"5522",1
"5523",6
"5524",1
"5525",1
"5526",1
"5527",5
"5528",3
"5529",1
"5530",3
"5531",3
"5532",1
"5533",6
"5534",3
"5535",3
"5536",1
"5537",13
"5538",2
"5539",1
"5540",1
"5541",2
"5542",1
"5543",1
"5544",1
"5545",3
"5546",3
"5547",1
"5548",1
"5549",3
"5550",1
"5551",1
"5552",3
"5553",5
"5554",1
"5555",7
"5556",2
"5557",1
"5558",5
"5559",1
"5560",1
"5561",6
"5562",9
"5563",2
"5564",1
"5565",1
"5566",10
"5567",1
"5568",1
"5569",1
"5570",3
"5571",1
"5572",3
"5573",2
"5574",1
"5575",5
"5576",1
"5577",6
"5578",3
"5579",2
"5580",1
"5581",1
"5582",2
"5583",1
"5584",1
"5585",1
"5586",2
"5587",1
"5588",6
"5589",1
"5590",4
"5591",1
"5592",2
"5593",1
"5594",1
"5595",1
"5596",1
"5597",4
"5598",9
"5599",8
"5600",2
"5601",2
"5602",13
"5603",2
"5604",1
"5605",1
"5606",1
"5607",1
"5608",1
"5609",4
"5610",2
"5611",1
"5612",1
"5613",2
"5614",1
"5615",1
"5616",2
"5617",1
"5618",1
"5619",3
"5620",18
"5621",1
"5622",5
"5623",1
"5624",1
"5625",1
"5626",22
"5627",6
"5628",1
"5629",2
"5630",1
"5631",1
"5632",2
"5633",4
"5634",13
"5635",4
"5636",12
"5637",1
"5638",1
"5639",1
"5640",1
"5641",1
"5642",1
"5643",1
"5644",1
"5645",2
"5646",1
"5647",5
"5648",1
"5649",3
"5650",4
"5651",17
"5652",1
"5653",1
"5654",1
"5655",2
"5656",13
"5657",10
"5658",1
"5659",1
"5660",2
"5661",1
"5662",10
"5663",1
"5664",1
"5665",1
"5666",1
"5667",1
"5668",1
"5669",1
"5670",1
"5671",1
"5672",7
"5673",10
"5674",2
"5675",1
"5676",3
"5677",1
"5678",1
"5679",4
"5680",1
"5681",1
"5682",2
"5683",3
"5684",11
"5685",2
"5686",1
"5687",6
"5688",1
"5689",1
"5690",2
"5691",1
"5692",3
"5693",5
"5694",2
"5695",3
"5696",3
"5697",1
"5698",4
"5699",6
"5700",1
"5701",1
"5702",10
"5703",1
"5704",9
"5705",15
"5706",11
"5707",4
"5708",1
"5709",3
"5710",1
"5711",2
"5712",1
"5713",3
"5714",10
"5715",1
"5716",1
"5717",6
"5718",8
"5719",2
"5720",1
"5721",1
"5722",2
"5723",5
"5724",16
"5725",1
"5726",5
"5727",1
"5728",1
"5729",8
"5730",1
"5731",14
"5732",2
"5733",1
"5734",1
"5735",1
"5736",6
"5737",1
"5738",4
"5739",1
"5740",1
"5741",2
"5742",2
"5743",4
"5744",4
"5745",1
"5746",2
"5747",1
"5748",1
"5749",2
"5750",3
"5751",1
"5752",3
"5753",3
"5754",1
"5755",3
"5756",1
"5757",1
"5758",2
"5759",1
"5760",1
"5761",1
"5762",1
"5763",6
"5764",1
"5765",1
"5766",1
"5767",2
"5768",1
"5769",1
"5770",2
"5771",1
"5772",1
"5773",2
"5774",2
"5775",1
"5776",1
"5777",8
"5778",7
"5779",12
"5780",1
"5781",1
"5782",6
"5783",1
"5784",2
"5785",6
"5786",1
"5787",1
"5788",1
"5789",1
"5790",2
"5791",1
"5792",3
"5793",1
"5794",6
"5795",1
"5796",2
"5797",3
"5798",10
"5799",12
"5800",1
"5801",7
"5802",2
"5803",19
"5804",1
"5805",11
"5806",1
"5807",1
"5808",2
"5809",1
"5810",1
"5811",3
"5812",1
"5813",3
"5814",3
"5815",1
"5816",2
"5817",1
"5818",1
"5819",1
"5820",2
"5821",1
"5822",2
"5823",3
"5824",6
"5825",2
"5826",1
"5827",2
"5828",3
"5829",1
"5830",5
"5831",6
"5832",10
"5833",1
"5834",3
"5835",5
"5836",1
"5837",1
"5838",1
"5839",3
"5840",1
"5841",3
"5842",1
"5843",3
"5844",11
"5845",1
"5846",1
"5847",2
"5848",1
"5849",1
"5850",1
"5851",1
"5852",1
"5853",3
"5854",1
"5855",1
"5856",1
"5857",5
"5858",1
"5859",1
"5860",1
"5861",2
"5862",1
"5863",1
"5864",1
"5865",3
"5866",4
"5867",1
"5868",1
"5869",1
"5870",1
"5871",3
"5872",1
"5873",5
"5874",1
"5875",7
"5876",2
"5877",1
"5878",1
"5879",6
"5880",1
"5881",1
"5882",1
"5883",1
"5884",1
"5885",1
"5886",1
"5887",1
"5888",1
"5889",7
"5890",6
"5891",2
"5892",3
"5893",1
"5894",4
"5895",3
"5896",1
"5897",2
"5898",1
"5899",1
"5900",1
"5901",1
"5902",1
"5903",1
"5904",1
"5905",10
"5906",3
"5907",1
"5908",2
"5909",2
"5910",1
"5911",1
"5912",1
"5913",3
"5914",1
"5915",2
"5916",1
"5917",2
"5918",26
"5919",12
"5920",2
"5921",1
"5922",1
"5923",5
"5924",1
"5925",2
"5926",1
"5927",2
"5928",8
"5929",2
"5930",4
"5931",1
"5932",5
"5933",2
"5934",1
"5935",6
"5936",2
"5937",3
"5938",1
"5939",5
"5940",2
"5941",1
"5942",5
"5943",16
"5944",2
"5945",1
"5946",1
"5947",13
"5948",10
"5949",7
"5950",11
"5951",1
"5952",2
"5953",1
"5954",1
"5955",10
"5956",1
"5957",1
"5958",1
"5959",2
"5960",5
"5961",2
"5962",2
"5963",1
"5964",1
"5965",1
"5966",1
"5967",1
"5968",5
"5969",1
"5970",2
"5971",1
"5972",7
"5973",2
"5974",9
"5975",1
"5976",1
"5977",3
"5978",12
"5979",3
"5980",1
"5981",3
"5982",3
"5983",2
"5984",5
"5985",2
"5986",1
"5987",9
"5988",1
"5989",1
"5990",7
"5991",1
"5992",1
"5993",21
"5994",2
"5995",11
"5996",2
"5997",1
"5998",2
"5999",2
"6000",1
"6001",7
"6002",2
"6003",1
"6004",1
"6005",1
"6006",1
"6007",1
"6008",1
"6009",1
"6010",12
"6011",2
"6012",3
"6013",3
"6014",1
"6015",1
"6016",5
"6017",2
"6018",1
"6019",1
"6020",1
"6021",1
"6022",1
"6023",6
"6024",1
"6025",1
"6026",5
"6027",1
"6028",1
"6029",3
"6030",1
"6031",1
"6032",1
"6033",1
"6034",1
"6035",10
"6036",5
"6037",4
"6038",1
"6039",9
"6040",1
"6041",6
"6042",1
"6043",1
"6044",2
"6045",7
"6046",1
"6047",2
"6048",3
"6049",9
"6050",1
"6051",2
"6052",5
"6053",3
"6054",15
"6055",2
"6056",2
"6057",3
"6058",1
"6059",8
"6060",1
"6061",11
"6062",15
"6063",1
"6064",9
"6065",6
"6066",1
"6067",1
"6068",7
"6069",1
"6070",3
"6071",1
"6072",12
"6073",4
"6074",1
"6075",9
"6076",1
"6077",1
"6078",1
"6079",1
"6080",6
"6081",1
"6082",33
"6083",1
"6084",1
"6085",11
"6086",1
"6087",3
"6088",1
"6089",9
"6090",2
"6091",3
"6092",1
"6093",2
"6094",3
"6095",1
"6096",1
"6097",1
"6098",1
"6099",4
"6100",1
"6101",1
"6102",1
"6103",2
"6104",1
"6105",1
"6106",1
"6107",3
"6108",1
"6109",3
"6110",2
"6111",4
"6112",1
"6113",1
"6114",2
"6115",2
"6116",1
"6117",3
"6118",1
"6119",3
"6120",1
"6121",1
"6122",1
"6123",1
"6124",1
"6125",1
"6126",2
"6127",1
"6128",1
"6129",1
"6130",1
"6131",1
"6132",1
"6133",2
"6134",1
"6135",18
"6136",10
"6137",1
"6138",7
"6139",4
"6140",1
"6141",1
"6142",1
"6143",5
"6144",2
"6145",2
"6146",8
"6147",2
"6148",1
"6149",1
"6150",1
"6151",1
"6152",2
"6153",2
"6154",1
"6155",1
"6156",10
"6157",2
"6158",1
"6159",1
"6160",2
"6161",2
"6162",2
"6163",2
"6164",1
"6165",8
"6166",4
"6167",1
"6168",5
"6169",3
"6170",1
"6171",1
"6172",2
"6173",7
"6174",3
"6175",2
"6176",1
"6177",1
"6178",1
"6179",2
"6180",3
"6181",1
"6182",10
"6183",5
"6184",11
"6185",7
"6186",18
"6187",1
"6188",9
"6189",2
"6190",2
"6191",1
"6192",2
"6193",11
"6194",1
"6195",1
"6196",1
"6197",1
"6198",1
"6199",8
"6200",6
"6201",8
"6202",4
"6203",7
"6204",1
"6205",1
"6206",18
"6207",10
"6208",3
"6209",16
"6210",3
"6211",1
"6212",1
"6213",16
"6214",1
"6215",2
"6216",1
"6217",4
"6218",1
"6219",1
"6220",2
"6221",1
"6222",2
"6223",23
"6224",1
"6225",3
"6226",2
"6227",1
"6228",10
"6229",2
"6230",1
"6231",9
"6232",6
"6233",1
"6234",1
"6235",2
"6236",8
"6237",1
"6238",1
"6239",18
"6240",3
"6241",1
"6242",1
"6243",1
"6244",1
"6245",1
"6246",2
"6247",1
"6248",1
"6249",1
"6250",1
"6251",2
"6252",14
"6253",1
"6254",2
"6255",3
"6256",2
"6257",6
"6258",1
"6259",1
"6260",1
"6261",1
"6262",4
"6263",3
"6264",1
"6265",2
"6266",2
"6267",1
"6268",1
"6269",1
"6270",2
"6271",1
"6272",2
"6273",1
"6274",1
"6275",4
"6276",1
"6277",1
"6278",4
"6279",12
"6280",5
"6281",3
"6282",1
"6283",1
"6284",1
"6285",6
"6286",1
"6287",1
"6288",3
"6289",1
"6290",2
"6291",1
"6292",1
"6293",6
"6294",1
"6295",4
"6296",1
"6297",1
"6298",2
"6299",1
"6300",19
"6301",1
"6302",1
"6303",1
"6304",3
"6305",7
"6306",6
"6307",1
"6308",1
"6309",8
"6310",1
"6311",4
"6312",15
"6313",2
"6314",1
"6315",1
"6316",1
"6317",1
"6318",1
"6319",1
"6320",1
"6321",1
"6322",9
"6323",4
"6324",1
"6325",1
"6326",2
"6327",4
"6328",1
"6329",4
"6330",1
"6331",1
"6332",8
"6333",12
"6334",1
"6335",4
"6336",1
"6337",6
"6338",2
"6339",1
"6340",4
"6341",1
"6342",2
"6343",1
"6344",1
"6345",1
"6346",1
"6347",1
"6348",1
"6349",1
"6350",1
"6351",1
"6352",6
"6353",3
"6354",1
"6355",1
"6356",1
"6357",5
"6358",2
"6359",1
"6360",1
"6361",11
"6362",1
"6363",5
"6364",1
"6365",13
"6366",1
"6367",4
"6368",1
"6369",4
"6370",1
"6371",1
"6372",2
"6373",1
"6374",2
"6375",1
"6376",1
"6377",1
"6378",2
"6379",1
"6380",8
"6381",1
"6382",1
"6383",3
"6384",2
"6385",6
"6386",1
"6387",4
"6388",10
"6389",6
"6390",10
"6391",1
"6392",1
"6393",2
"6394",1
"6395",4
"6396",1
"6397",1
"6398",2
"6399",2
"6400",1
"6401",7
"6402",7
"6403",6
"6404",1
"6405",1
"6406",1
"6407",1
"6408",2
"6409",2
"6410",1
"6411",1
"6412",2
"6413",4
"6414",10
"6415",1
"6416",1
"6417",6
"6418",7
"6419",1
"6420",2
"6421",1
"6422",1
"6423",2
"6424",6
"6425",5
"6426",1
"6427",1
"6428",7
"6429",4
"6430",2
"6431",1
"6432",12
"6433",1
"6434",5
"6435",1
"6436",4
"6437",1
"6438",1
"6439",1
"6440",2
"6441",2
"6442",2
"6443",1
"6444",1
"6445",11
"6446",1
"6447",2
"6448",1
"6449",3
"6450",1
"6451",2
"6452",1
"6453",2
"6454",1
"6455",1
"6456",2
"6457",3
"6458",6
"6459",1
"6460",12
"6461",3
"6462",1
"6463",1
"6464",15
"6465",1
"6466",9
"6467",1
"6468",15
"6469",1
"6470",6
"6471",1
"6472",1
"6473",2
"6474",2
"6475",1
"6476",7
"6477",3
"6478",1
"6479",1
"6480",1
"6481",1
"6482",3
"6483",4
"6484",14
"6485",1
"6486",7
"6487",2
"6488",1
"6489",1
"6490",1
"6491",8
"6492",9
"6493",16
"6494",4
"6495",2
"6496",1
"6497",1
"6498",12
"6499",1
"6500",13
"6501",1
"6502",1
"6503",1
"6504",4
"6505",1
"6506",4
"6507",1
"6508",3
"6509",6
"6510",8
"6511",1
"6512",1
"6513",1
"6514",3
"6515",1
"6516",1
"6517",6
"6518",2
"6519",1
"6520",3
"6521",5
"6522",2
"6523",1
"6524",1
"6525",2
"6526",2
"6527",1
"6528",1
"6529",5
"6530",3
"6531",3
"6532",3
"6533",14
"6534",1
"6535",1
"6536",1
"6537",1
"6538",2
"6539",1
"6540",2
"6541",1
"6542",6
"6543",8
"6544",2
"6545",7
"6546",1
"6547",2
"6548",4
"6549",4
"6550",2
"6551",1
"6552",1
"6553",1
"6554",3
"6555",6
"6556",2
"6557",1
"6558",1
"6559",1
"6560",1
"6561",1
"6562",8
"6563",1
"6564",16
"6565",1
"6566",2
"6567",2
"6568",2
"6569",1
"6570",1
"6571",1
"6572",3
"6573",3
"6574",1
"6575",1
"6576",1
"6577",9
"6578",4
"6579",2
"6580",5
"6581",1
"6582",10
"6583",3
"6584",1
"6585",3
"6586",7
"6587",2
"6588",2
"6589",5
"6590",6
"6591",4
"6592",4
"6593",1
"6594",1
"6595",1
"6596",7
"6597",1
"6598",1
"6599",1
"6600",1
"6601",1
"6602",5
"6603",8
"6604",11
"6605",6
"6606",2
"6607",1
"6608",1
"6609",6
"6610",1
"6611",4
"6612",9
"6613",1
"6614",13
"6615",1
"6616",2
"6617",1
"6618",1
"6619",1
"6620",1
"6621",1
"6622",8
"6623",2
"6624",2
"6625",2
"6626",1
"6627",3
"6628",12
"6629",5
"6630",1
"6631",1
"6632",1
"6633",5
"6634",1
"6635",1
"6636",3
"6637",3
"6638",1
"6639",1
"6640",1
"6641",2
"6642",3
"6643",1
"6644",3
"6645",6
"6646",1
"6647",1
"6648",6
"6649",1
"6650",1
"6651",1
"6652",1
"6653",7
"6654",1
"6655",2
"6656",1
"6657",1
"6658",1
"6659",1
"6660",1
"6661",1
"6662",2
"6663",1
"6664",21
"6665",3
"6666",5
"6667",1
"6668",14
"6669",1
"6670",2
"6671",1
"6672",1
"6673",1
"6674",9
"6675",1
"6676",3
"6677",2
"6678",1
"6679",1
"6680",11
"6681",1
"6682",1
"6683",1
"6684",5
"6685",1
"6686",11
"6687",12
"6688",6
"6689",7
"6690",7
"6691",2
"6692",1
"6693",1
"6694",1
"6695",1
"6696",1
"6697",6
"6698",2
"6699",3
"6700",2
"6701",5
"6702",4
"6703",1
"6704",1
"6705",1
"6706",2
"6707",1
"6708",13
"6709",4
"6710",3
"6711",2
"6712",1
"6713",1
"6714",11
"6715",6
"6716",1
"6717",1
"6718",13
"6719",4
"6720",5
"6721",9
"6722",1
"6723",1
"6724",6
"6725",1
"6726",1
"6727",1
"6728",4
"6729",1
"6730",1
"6731",1
"6732",1
"6733",1
"6734",4
"6735",1
"6736",11
"6737",3
"6738",1
"6739",1
"6740",2
"6741",1
"6742",1
"6743",1
"6744",6
"6745",1
"6746",3
"6747",1
"6748",11
"6749",3
"6750",1
"6751",3
"6752",4
"6753",5
"6754",7
"6755",1
"6756",1
"6757",2
"6758",6
"6759",1
"6760",3
"6761",8
"6762",2
"6763",2
"6764",7
"6765",3
"6766",5
"6767",1
"6768",3
"6769",4
"6770",1
"6771",1
"6772",2
"6773",2
"6774",1
"6775",13
"6776",1
"6777",2
"6778",1
"6779",2
"6780",5
"6781",4
"6782",7
"6783",1
"6784",3
"6785",1
"6786",1
"6787",1
"6788",1
"6789",1
"6790",3
"6791",2
"6792",5
"6793",1
"6794",3
"6795",1
"6796",1
"6797",5
"6798",1
"6799",1
"6800",3
"6801",1
"6802",2
"6803",1
"6804",4
"6805",30
"6806",4
"6807",3
"6808",9
"6809",1
"6810",1
"6811",6
"6812",1
"6813",6
"6814",8
"6815",1
"6816",1
"6817",1
"6818",7
"6819",2
"6820",9
"6821",1
"6822",1
"6823",3
"6824",1
"6825",7
"6826",14
"6827",1
"6828",1
"6829",2
"6830",3
"6831",2
"6832",2
"6833",1
"6834",8
"6835",20
"6836",4
"6837",9
"6838",4
"6839",1
"6840",1
"6841",1
"6842",1
"6843",4
"6844",1
"6845",21
"6846",1
"6847",5
"6848",1
"6849",8
"6850",23
"6851",1
"6852",3
"6853",1
"6854",2
"6855",1
"6856",2
"6857",1
"6858",4
"6859",8
"6860",1
"6861",4
"6862",1
"6863",1
"6864",1
"6865",12
"6866",1
"6867",14
"6868",9
"6869",1
"6870",1
"6871",3
"6872",6
"6873",1
"6874",1
"6875",2
"6876",6
"6877",1
"6878",1
"6879",3
"6880",1
"6881",2
"6882",2
"6883",2
"6884",3
"6885",1
"6886",1
"6887",2
"6888",1
"6889",14
"6890",1
"6891",1
"6892",3
"6893",1
"6894",2
"6895",1
"6896",1
"6897",4
"6898",1
"6899",2
"6900",15
"6901",4
"6902",1
"6903",4
"6904",9
"6905",2
"6906",1
"6907",5
"6908",5
"6909",2
"6910",8
"6911",10
"6912",1
"6913",12
"6914",1
"6915",1
"6916",12
"6917",1
"6918",13
"6919",1
"6920",1
"6921",1
"6922",6
"6923",6
"6924",1
"6925",4
"6926",10
"6927",1
"6928",3
"6929",1
"6930",1
"6931",1
"6932",12
"6933",1
"6934",1
"6935",1
"6936",1
"6937",1
"6938",1
"6939",1
"6940",1
"6941",1
"6942",18
"6943",1
"6944",3
"6945",1
"6946",1
"6947",1
"6948",1
"6949",5
"6950",2
"6951",1
"6952",1
"6953",2
"6954",1
"6955",4
"6956",1
"6957",1
"6958",1
"6959",4
"6960",3
"6961",1
"6962",3
"6963",1
"6964",1
"6965",1
"6966",4
"6967",1
"6968",7
"6969",1
"6970",1
"6971",1
"6972",1
"6973",2
"6974",5
"6975",6
"6976",12
"6977",2
"6978",1
"6979",1
"6980",1
"6981",1
"6982",7
"6983",2
"6984",1
"6985",7
"6986",4
"6987",1
"6988",7
"6989",1
"6990",1
"6991",6
"6992",1
"6993",9
"6994",9
"6995",1
"6996",1
"6997",1
"6998",1
"6999",9
"7000",3
"7001",6
"7002",3
"7003",2
"7004",1
"7005",4
"7006",1
"7007",1
"7008",4
"7009",1
"7010",4
"7011",1
"7012",1
"7013",2
"7014",1
"7015",3
"7016",1
"7017",5
"7018",1
"7019",1
"7020",1
"7021",11
"7022",2
"7023",3
"7024",1
"7025",2
"7026",12
"7027",4
"7028",1
"7029",2
"7030",1
"7031",1
"7032",5
"7033",2
"7034",14
"7035",3
"7036",1
"7037",6
"7038",2
"7039",2
"7040",1
"7041",1
"7042",4
"7043",11
"7044",10
"7045",1
"7046",1
"7047",1
"7048",3
"7049",3
"7050",11
"7051",1
"7052",1
"7053",14
"7054",1
"7055",4
"7056",1
"7057",3
"7058",3
"7059",1
"7060",1
"7061",1
"7062",1
"7063",4
"7064",1
"7065",1
"7066",3
"7067",9
"7068",13
"7069",2
"7070",2
"7071",7
"7072",1
"7073",2
"7074",14
"7075",1
"7076",9
"7077",8
"7078",7
"7079",2
"7080",4
"7081",1
"7082",1
"7083",1
"7084",1
"7085",1
"7086",2
"7087",1
"7088",1
"7089",1
"7090",1
"7091",1
"7092",1
"7093",2
"7094",2
"7095",9
"7096",3
"7097",3
"7098",1
"7099",2
"7100",3
"7101",5
"7102",3
"7103",1
"7104",1
"7105",13
"7106",1
"7107",1
"7108",3
"7109",1
"7110",4
"7111",1
"7112",3
"7113",15
"7114",1
"7115",1
"7116",1
"7117",1
"7118",7
"7119",1
"7120",9
"7121",1
"7122",5
"7123",1
"7124",1
"7125",10
"7126",1
"7127",1
"7128",1
"7129",3
"7130",5
"7131",1
"7132",2
"7133",7
"7134",1
"7135",1
"7136",6
"7137",5
"7138",1
"7139",10
"7140",7
"7141",1
"7142",1
"7143",1
"7144",14
"7145",1
"7146",6
"7147",1
"7148",3
"7149",1
"7150",1
"7151",1
"7152",1
"7153",1
"7154",1
"7155",6
"7156",8
"7157",2
"7158",12
"7159",7
"7160",1
"7161",21
"7162",1
"7163",1
"7164",1
"7165",2
"7166",1
"7167",1
"7168",1
"7169",1
"7170",1
"7171",1
"7172",11
"7173",1
"7174",1
"7175",1
"7176",2
"7177",6
"7178",7
"7179",1
"7180",1
"7181",1
"7182",1
"7183",2
"7184",1
"7185",1
"7186",1
"7187",1
"7188",3
"7189",1
"7190",1
"7191",1
"7192",1
"7193",1
"7194",3
"7195",1
"7196",1
"7197",5
"7198",1
"7199",4
"7200",1
"7201",1
"7202",3
"7203",2
"7204",1
"7205",6
"7206",4
"7207",5
"7208",16
"7209",1
"7210",1
"7211",1
"7212",2
"7213",6
"7214",7
"7215",2
"7216",1
"7217",1
"7218",5
"7219",1
"7220",4
"7221",1
"7222",6
"7223",1
"7224",1
"7225",1
"7226",1
"7227",1
"7228",1
"7229",4
"7230",2
"7231",1
"7232",1
"7233",1
"7234",2
"7235",1
"7236",1
"7237",3
"7238",2
"7239",1
"7240",1
"7241",1
"7242",1
"7243",1
"7244",4
"7245",1
"7246",1
"7247",2
"7248",1
"7249",1
"7250",3
"7251",1
"7252",1
"7253",1
"7254",1
"7255",1
"7256",3
"7257",1
"7258",1
"7259",4
"7260",3
"7261",2
"7262",3
"7263",7
"7264",4
"7265",1
"7266",3
"7267",1
"7268",2
"7269",1
"7270",13
"7271",1
"7272",1
"7273",6
"7274",1
"7275",2
"7276",1
"7277",1
"7278",8
"7279",7
"7280",1
"7281",1
"7282",1
"7283",9
"7284",1
"7285",1
"7286",1
"7287",1
"7288",5
"7289",1
"7290",3
"7291",14
"7292",5
"7293",3
"7294",1
"7295",2
"7296",9
"7297",1
"7298",1
"7299",1
"7300",7
"7301",1
"7302",2
"7303",1
"7304",2
"7305",2
"7306",2
"7307",1
"7308",1
"7309",1
"7310",1
"7311",1
"7312",1
"7313",1
"7314",1
"7315",1
"7316",1
"7317",1
"7318",12
"7319",3
"7320",1
"7321",2
"7322",5
"7323",2
"7324",1
"7325",1
"7326",8
"7327",4
"7328",7
"7329",2
"7330",1
"7331",1
"7332",1
"7333",2
"7334",4
"7335",5
"7336",3
"7337",1
"7338",7
"7339",1
"7340",1
"7341",5
"7342",5
"7343",2
"7344",5
"7345",4
"7346",3
"7347",4
"7348",2
"7349",6
"7350",7
"7351",1
"7352",2
"7353",9
"7354",13
"7355",7
"7356",6
"7357",1
"7358",1
"7359",12
"7360",2
"7361",4
"7362",1
"7363",2
"7364",1
"7365",1
"7366",4
"7367",2
"7368",1
"7369",8
"7370",4
"7371",1
"7372",18
"7373",2
"7374",1
"7375",3
"7376",3
"7377",2
"7378",2
"7379",23
"7380",1
"7381",1
"7382",1
"7383",1
"7384",2
"7385",1
"7386",1
"7387",11
"7388",5
"7389",1
"7390",1
"7391",2
"7392",2
"7393",1
"7394",1
"7395",1
"7396",1
"7397",2
"7398",1
"7399",1
"7400",1
"7401",7
"7402",1
"7403",1
"7404",5
"7405",3
"7406",1
"7407",1
"7408",1
"7409",9
"7410",5
"7411",1
"7412",13
"7413",1
"7414",3
"7415",2
"7416",3
"7417",2
"7418",1
"7419",1
"7420",6
"7421",1
"7422",1
"7423",1
"7424",1
"7425",1
"7426",1
"7427",3
"7428",1
"7429",7
"7430",1
"7431",1
"7432",21
"7433",1
"7434",1
"7435",1
"7436",1
"7437",1
"7438",8
"7439",1
"7440",6
"7441",2
"7442",2
"7443",1
"7444",8
"7445",1
"7446",3
"7447",4
"7448",1
"7449",1
"7450",9
"7451",1
"7452",12
"7453",6
"7454",1
"7455",3
"7456",1
"7457",1
"7458",12
"7459",1
"7460",1
"7461",4
"7462",1
"7463",1
"7464",1
"7465",1
"7466",1
"7467",1
"7468",11
"7469",8
"7470",1
"7471",1
"7472",1
"7473",1
"7474",1
"7475",1
"7476",1
"7477",2
"7478",18
"7479",4
"7480",1
"7481",3
"7482",1
"7483",1
"7484",3
"7485",1
"7486",1
"7487",4
"7488",1
"7489",7
"7490",1
"7491",3
"7492",13
"7493",3
"7494",10
"7495",2
"7496",13
"7497",3
"7498",1
"7499",1
"7500",1
"7501",1
"7502",4
"7503",2
"7504",6
"7505",8
"7506",1
"7507",2
"7508",7
"7509",6
"7510",3
"7511",7
"7512",5
"7513",8
"7514",1
"7515",9
"7516",6
"7517",1
"7518",1
"7519",1
"7520",1
"7521",3
"7522",1
"7523",3
"7524",1
"7525",1
"7526",2
"7527",1
"7528",1
"7529",1
"7530",5
"7531",3
"7532",1
"7533",5
"7534",1
"7535",1
"7536",2
"7537",8
"7538",2
"7539",2
"7540",17
"7541",1
"7542",2
"7543",2
"7544",11
"7545",1
"7546",3
"7547",1
"7548",3
"7549",4
"7550",3
"7551",1
"7552",1
"7553",1
"7554",5
"7555",1
"7556",1
"7557",2
"7558",7
"7559",2
"7560",3
"7561",1
"7562",13
"7563",2
"7564",1
"7565",4
"7566",1
"7567",1
"7568",1
"7569",1
"7570",2
"7571",3
"7572",1
"7573",1
"7574",1
"7575",5
"7576",5
"7577",1
"7578",1
"7579",1
"7580",3
"7581",4
"7582",1
"7583",1
"7584",1
"7585",2
"7586",1
"7587",2
"7588",1
"7589",7
"7590",1
"7591",1
"7592",8
"7593",1
"7594",1
"7595",9
"7596",5
"7597",1
"7598",1
"7599",2
"7600",1
"7601",3
"7602",1
"7603",1
"7604",2
"7605",4
"7606",8
"7607",1
"7608",17
"7609",1
"7610",6
"7611",2
"7612",1
"7613",2
"7614",1
"7615",10
"7616",1
"7617",1
"7618",3
"7619",1
"7620",1
"7621",1
"7622",16
"7623",1
"7624",1
"7625",1
"7626",2
"7627",4
"7628",8
"7629",1
"7630",7
"7631",6
"7632",11
"7633",8
"7634",1
"7635",1
"7636",1
"7637",3
"7638",1
"7639",1
"7640",10
"7641",1
"7642",2
"7643",1
"7644",1
"7645",2
"7646",2
"7647",5
"7648",1
"7649",2
"7650",1
"7651",3
"7652",1
"7653",6
"7654",10
"7655",1
"7656",1
"7657",2
"7658",1
"7659",1
"7660",1
"7661",5
"7662",3
"7663",1
"7664",1
"7665",1
"7666",1
"7667",2
"7668",1
"7669",1
"7670",2
"7671",1
"7672",1
"7673",4
"7674",2
"7675",1
"7676",2
"7677",1
"7678",13
"7679",1
"7680",1
"7681",1
"7682",1
"7683",1
"7684",1
"7685",1
"7686",2
"7687",1
"7688",2
"7689",4
"7690",5
"7691",1
"7692",1
"7693",10
"7694",1
"7695",2
"7696",2
"7697",1
"7698",1
"7699",9
"7700",1
"7701",4
"7702",1
"7703",5
"7704",1
"7705",1
"7706",1
"7707",3
"7708",1
"7709",14
"7710",1
"7711",1
"7712",1
"7713",1
"7714",1
"7715",2
"7716",1
"7717",1
"7718",1
"7719",1
"7720",7
"7721",11
"7722",1
"7723",3
"7724",1
"7725",1
"7726",1
"7727",2
"7728",1
"7729",1
"7730",1
"7731",4
"7732",1
"7733",1
"7734",4
"7735",2
"7736",4
"7737",4
"7738",1
"7739",1
"7740",5
"7741",1
"7742",9
"7743",10
"7744",9
"7745",14
"7746",12
"7747",4
"7748",8
"7749",6
"7750",6
"7751",9
"7752",1
"7753",6
"7754",4
"7755",2
"7756",1
"7757",1
"7758",2
"7759",1
"7760",3
"7761",2
"7762",1
"7763",4
"7764",18
"7765",1
"7766",1
"7767",1
"7768",1
"7769",1
"7770",1
"7771",1
"7772",1
"7773",1
"7774",1
"7775",1
"7776",1
"7777",16
"7778",4
"7779",2
"7780",3
"7781",3
"7782",1
"7783",1
"7784",1
"7785",3
"7786",4
"7787",1
"7788",11
"7789",4
"7790",1
"7791",1
"7792",2
"7793",7
"7794",3
"7795",1
"7796",6
"7797",1
"7798",5
"7799",1
"7800",1
"7801",1
"7802",2
"7803",1
"7804",1
"7805",2
"7806",1
"7807",1
"7808",6
"7809",3
"7810",13
"7811",3
"7812",1
"7813",14
"7814",1
"7815",3
"7816",1
"7817",1
"7818",2
"7819",2
"7820",1
"7821",7
"7822",1
"7823",1
"7824",1
"7825",2
"7826",2
"7827",4
"7828",2
"7829",1
"7830",1
"7831",1
"7832",1
"7833",1
"7834",1
"7835",11
"7836",4
"7837",10
"7838",1
"7839",2
"7840",2
"7841",9
"7842",2
"7843",4
"7844",1
"7845",8
"7846",4
"7847",3
"7848",6
"7849",1
"7850",1
"7851",3
"7852",1
"7853",8
"7854",1
"7855",3
"7856",4
"7857",15
"7858",2
"7859",1
"7860",2
"7861",3
"7862",8
"7863",2
"7864",3
"7865",1
"7866",1
"7867",1
"7868",7
"7869",1
"7870",5
"7871",1
"7872",1
"7873",4
"7874",7
"7875",1
"7876",1
"7877",5
"7878",2
"7879",4
"7880",5
"7881",15
"7882",1
"7883",3
"7884",4
"7885",3
"7886",12
"7887",1
"7888",2
"7889",6
"7890",9
"7891",1
"7892",1
"7893",5
"7894",3
"7895",1
"7896",4
"7897",23
"7898",1
"7899",17
"7900",1
"7901",3
"7902",2
"7903",1
"7904",1
"7905",1
"7906",2
"7907",2
"7908",4
"7909",4
"7910",1
"7911",1
"7912",4
"7913",5
"7914",1
"7915",3
"7916",6
"7917",1
"7918",11
"7919",9
"7920",3
"7921",1
"7922",9
"7923",13
"7924",1
"7925",1
"7926",1
"7927",1
"7928",2
"7929",2
"7930",6
"7931",1
"7932",2
"7933",4
"7934",2
"7935",2
"7936",1
"7937",1
"7938",12
"7939",1
"7940",2
"7941",1
"7942",1
"7943",14
"7944",1
"7945",1
"7946",1
"7947",2
"7948",1
"7949",1
"7950",10
"7951",2
"7952",1
"7953",1
"7954",4
"7955",1
"7956",2
"7957",2
"7958",1
"7959",2
"7960",3
"7961",2
"7962",2
"7963",3
"7964",1
"7965",2
"7966",1
"7967",5
"7968",1
"7969",1
"7970",1
"7971",1
"7972",2
"7973",1
"7974",9
"7975",4
"7976",3
"7977",13
"7978",6
"7979",1
"7980",1
"7981",2
"7982",1
"7983",1
"7984",1
"7985",1
"7986",4
"7987",1
"7988",1
"7989",2
"7990",1
"7991",1
"7992",4
"7993",3
"7994",1
"7995",5
"7996",2
"7997",4
"7998",2
"7999",2
"8000",6
"8001",2
"8002",1
"8003",6
"8004",4
"8005",1
"8006",3
"8007",6
"8008",3
"8009",1
"8010",2
"8011",1
"8012",2
"8013",1
"8014",2
"8015",1
"8016",1
"8017",1
"8018",1
"8019",1
"8020",5
"8021",1
"8022",1
"8023",7
"8024",1
"8025",7
"8026",1
"8027",9
"8028",1
"8029",1
"8030",6
"8031",2
"8032",3
"8033",1
"8034",1
"8035",3
"8036",1
"8037",4
"8038",2
"8039",1
"8040",1
"8041",1
"8042",1
"8043",1
"8044",4
"8045",1
"8046",1
"8047",2
"8048",4
"8049",1
"8050",3
"8051",1
"8052",1
"8053",2
"8054",2
"8055",1
"8056",1
"8057",2
"8058",1
"8059",4
"8060",2
"8061",13
"8062",4
"8063",1
"8064",2
"8065",1
"8066",1
"8067",3
"8068",1
"8069",12
"8070",1
"8071",1
"8072",1
"8073",7
"8074",1
"8075",2
"8076",5
"8077",1
"8078",4
"8079",7
"8080",1
"8081",9
"8082",1
"8083",3
"8084",1
"8085",1
"8086",5
"8087",1
"8088",1
"8089",9
"8090",6
"8091",4
"8092",2
"8093",2
"8094",1
"8095",1
"8096",2
"8097",2
"8098",2
"8099",1
"8100",1
"8101",1
"8102",10
"8103",2
"8104",2
"8105",1
"8106",3
"8107",1
"8108",2
"8109",8
"8110",1
"8111",12
"8112",1
"8113",1
"8114",1
"8115",2
"8116",1
"8117",2
"8118",1
"8119",12
"8120",1
"8121",1
"8122",8
"8123",3
"8124",6
"8125",9
"8126",2
"8127",1
"8128",1
"8129",3
"8130",25
"8131",1
"8132",1
"8133",2
"8134",3
"8135",5
"8136",2
"8137",1
"8138",1
"8139",1
"8140",13
"8141",1
"8142",5
"8143",1
"8144",4
"8145",1
"8146",30
"8147",1
"8148",1
"8149",1
"8150",3
"8151",3
"8152",1
"8153",4
"8154",1
"8155",2
"8156",2
"8157",1
"8158",1
"8159",1
"8160",3
"8161",2
"8162",1
"8163",2
"8164",2
"8165",9
"8166",1
"8167",1
"8168",4
"8169",3
"8170",1
"8171",1
"8172",2
"8173",4
"8174",4
"8175",1
"8176",3
"8177",2
"8178",8
"8179",3
"8180",1
"8181",1
"8182",1
"8183",24
"8184",2
"8185",3
"8186",6
"8187",22
"8188",1
"8189",4
"8190",1
"8191",3
"8192",3
"8193",2
"8194",3
"8195",4
"8196",1
"8197",2
"8198",4
"8199",1
"8200",2
"8201",3
"8202",1
"8203",1
"8204",1
"8205",2
"8206",6
"8207",1
"8208",1
"8209",1
"8210",1
"8211",1
"8212",3
"8213",12
"8214",1
"8215",2
"8216",1
"8217",1
"8218",2
"8219",5
"8220",2
"8221",1
"8222",1
"8223",3
"8224",3
"8225",1
"8226",1
"8227",3
"8228",2
"8229",1
"8230",1
"8231",2
"8232",1
"8233",1
"8234",7
"8235",3
"8236",8
"8237",2
"8238",8
"8239",1
"8240",1
"8241",3
"8242",3
"8243",1
"8244",10
"8245",4
"8246",1
"8247",3
"8248",1
"8249",18
"8250",2
"8251",1
"8252",1
"8253",1
"8254",1
"8255",4
"8256",1
"8257",3
"8258",5
"8259",2
"8260",1
"8261",3
"8262",8
"8263",3
"8264",17
"8265",1
"8266",3
"8267",1
"8268",4
"8269",7
"8270",1
"8271",1
"8272",1
"8273",5
"8274",13
"8275",2
"8276",1
"8277",13
"8278",5
"8279",1
"8280",1
"8281",1
"8282",3
"8283",5
"8284",4
"8285",1
"8286",4
"8287",1
"8288",1
"8289",4
"8290",1
"8291",1
"8292",1
"8293",3
"8294",2
"8295",1
"8296",5
"8297",3
"8298",5
"8299",1
"8300",3
"8301",2
"8302",2
"8303",2
"8304",1
"8305",2
"8306",17
"8307",1
"8308",1
"8309",1
"8310",4
"8311",27
"8312",2
"8313",3
"8314",7
"8315",1
"8316",1
"8317",1
"8318",2
"8319",3
"8320",1
"8321",4
"8322",18
"8323",1
"8324",4
"8325",2
"8326",2
"8327",1
"8328",3
"8329",3
"8330",2
"8331",4
"8332",2
"8333",1
"8334",7
"8335",1
"8336",1
"8337",1
"8338",10
"8339",1
"8340",7
"8341",4
"8342",3
"8343",1
"8344",12
"8345",5
"8346",1
"8347",2
"8348",1
"8349",1
"8350",2
"8351",6
"8352",1
"8353",1
"8354",2
"8355",14
"8356",1
"8357",2
"8358",5
"8359",1
"8360",1
"8361",1
"8362",2
"8363",1
"8364",3
"8365",1
"8366",1
"8367",2
"8368",3
"8369",10
"8370",7
"8371",8
"8372",5
"8373",2
"8374",1
"8375",5
"8376",1
"8377",4
"8378",1
"8379",1
"8380",1
"8381",4
"8382",1
"8383",3
"8384",1
"8385",6
"8386",2
"8387",7
"8388",1
"8389",1
"8390",4
"8391",1
"8392",4
"8393",7
"8394",1
"8395",1
"8396",1
"8397",1
"8398",10
"8399",1
"8400",1
"8401",5
"8402",2
"8403",1
"8404",1
"8405",1
"8406",1
"8407",1
"8408",2
"8409",1
"8410",1
"8411",1
"8412",1
"8413",3
"8414",1
"8415",1
"8416",3
"8417",1
"8418",11
"8419",1
"8420",5
"8421",1
"8422",1
"8423",6
"8424",6
"8425",3
"8426",4
"8427",1
"8428",1
"8429",13
"8430",6
"8431",4
"8432",3
"8433",1
"8434",1
"8435",2
"8436",5
"8437",1
"8438",2
"8439",2
"8440",1
"8441",2
"8442",1
"8443",2
"8444",4
"8445",1
"8446",1
"8447",2
"8448",1
"8449",7
"8450",1
"8451",1
"8452",1
"8453",1
"8454",5
"8455",1
"8456",3
"8457",9
"8458",1
"8459",8
"8460",1
"8461",2
"8462",1
"8463",1
"8464",3
"8465",1
"8466",5
"8467",1
"8468",7
"8469",9
"8470",29
"8471",14
"8472",1
"8473",8
"8474",9
"8475",3
"8476",5
"8477",2
"8478",2
"8479",1
"8480",5
"8481",1
"8482",2
"8483",3
"8484",3
"8485",1
"8486",6
"8487",1
"8488",5
"8489",1
"8490",6
"8491",1
"8492",3
"8493",1
"8494",4
"8495",2
"8496",2
"8497",1
"8498",1
"8499",1
"8500",1
"8501",1
"8502",2
"8503",1
"8504",1
"8505",1
"8506",3
"8507",1
"8508",6
"8509",3
"8510",3
"8511",3
"8512",9
"8513",1
"8514",2
"8515",2
"8516",4
"8517",1
"8518",13
"8519",1
"8520",1
"8521",1
"8522",1
"8523",2
"8524",5
"8525",2
"8526",1
"8527",1
"8528",1
"8529",2
"8530",12
"8531",2
"8532",1
"8533",2
"8534",4
"8535",6
"8536",2
"8537",1
"8538",2
"8539",1
"8540",3
"8541",1
"8542",1
"8543",2
"8544",2
"8545",1
"8546",2
"8547",14
"8548",1
"8549",2
"8550",5
"8551",3
"8552",2
"8553",3
"8554",1
"8555",18
"8556",1
"8557",1
"8558",1
"8559",2
"8560",1
"8561",1
"8562",1
"8563",3
"8564",3
"8565",8
"8566",5
"8567",2
"8568",1
"8569",6
"8570",2
"8571",1
"8572",7
"8573",1
"8574",12
"8575",1
"8576",2
"8577",2
"8578",1
"8579",1
"8580",1
"8581",1
"8582",6
"8583",3
"8584",1
"8585",1
"8586",2
"8587",3
"8588",3
"8589",1
"8590",1
"8591",9
"8592",2
"8593",1
"8594",2
"8595",1
"8596",3
"8597",1
"8598",1
"8599",1
"8600",3
"8601",1
"8602",1
"8603",2
"8604",1
"8605",1
"8606",1
"8607",2
"8608",3
"8609",1
"8610",1
"8611",1
"8612",6
"8613",4
"8614",8
"8615",1
"8616",2
"8617",3
"8618",3
"8619",2
"8620",2
"8621",1
"8622",3
"8623",1
"8624",4
"8625",2
"8626",2
"8627",2
"8628",1
"8629",1
"8630",1
"8631",6
"8632",1
"8633",4
"8634",11
"8635",4
"8636",2
"8637",1
"8638",2
"8639",1
"8640",5
"8641",1
"8642",7
"8643",1
"8644",1
"8645",4
"8646",6
"8647",10
"8648",8
"8649",3
"8650",1
"8651",5
"8652",1
"8653",4
"8654",1
"8655",1
"8656",1
"8657",1
"8658",8
"8659",4
"8660",11
"8661",1
"8662",1
"8663",3
"8664",1
"8665",1
"8666",1
"8667",1
"8668",2
"8669",1
"8670",6
"8671",2
"8672",1
"8673",7
"8674",24
"8675",6
"8676",1
"8677",1
"8678",1
"8679",2
"8680",1
"8681",1
"8682",2
"8683",1
"8684",1
"8685",2
"8686",3
"8687",1
"8688",2
"8689",1
"8690",1
"8691",3
"8692",2
"8693",1
"8694",1
"8695",3
"8696",8
"8697",3
"8698",1
"8699",4
"8700",1
"8701",1
"8702",1
"8703",1
"8704",1
"8705",1
"8706",1
"8707",3
"8708",1
"8709",2
"8710",1
"8711",2
"8712",1
"8713",2
"8714",2
"8715",1
"8716",1
"8717",1
"8718",1
"8719",4
"8720",2
"8721",2
"8722",1
"8723",4
"8724",1
"8725",1
"8726",8
"8727",8
"8728",1
"8729",1
"8730",1
"8731",1
"8732",3
"8733",1
"8734",1
"8735",2
"8736",1
"8737",4
"8738",3
"8739",6
"8740",4
"8741",2
"8742",5
"8743",1
"8744",2
"8745",1
"8746",1
"8747",1
"8748",16
"8749",2
"8750",1
"8751",1
"8752",1
"8753",4
"8754",5
"8755",2
"8756",1
"8757",2
"8758",1
"8759",2
"8760",9
"8761",3
"8762",1
"8763",2
"8764",9
"8765",3
"8766",19
"8767",2
"8768",4
"8769",1
"8770",6
"8771",4
"8772",1
"8773",3
"8774",1
"8775",1
"8776",4
"8777",2
"8778",1
"8779",1
"8780",1
"8781",1
"8782",1
"8783",10
"8784",2
"8785",1
"8786",1
"8787",1
"8788",1
"8789",2
"8790",1
"8791",1
"8792",9
"8793",1
"8794",1
"8795",2
"8796",4
"8797",1
"8798",1
"8799",1
"8800",4
"8801",4
"8802",1
"8803",3
"8804",8
"8805",1
"8806",2
"8807",6
"8808",4
"8809",1
"8810",1
"8811",1
"8812",10
"8813",1
"8814",1
"8815",2
"8816",9
"8817",1
"8818",1
"8819",12
"8820",1
"8821",1
"8822",1
"8823",4
"8824",1
"8825",5
"8826",1
"8827",1
"8828",1
"8829",4
"8830",4
"8831",2
"8832",1
"8833",1
"8834",1
"8835",1
"8836",4
"8837",2
"8838",16
"8839",2
"8840",1
"8841",1
"8842",2
"8843",1
"8844",3
"8845",1
"8846",1
"8847",6
"8848",2
"8849",1
"8850",4
"8851",5
"8852",1
"8853",5
"8854",1
"8855",1
"8856",1
"8857",1
"8858",11
"8859",2
"8860",12
"8861",1
"8862",5
"8863",1
"8864",1
"8865",4
"8866",1
"8867",1
"8868",1
"8869",7
"8870",2
"8871",1
"8872",1
"8873",1
"8874",4
"8875",1
"8876",14
"8877",1
"8878",8
"8879",1
"8880",1
"8881",13
"8882",2
"8883",2
"8884",1
"8885",1
"8886",2
"8887",5
"8888",1
"8889",1
"8890",6
"8891",1
"8892",1
"8893",1
"8894",2
"8895",1
"8896",3
"8897",1
"8898",13
"8899",2
"8900",4
"8901",3
"8902",2
"8903",5
"8904",2
"8905",1
"8906",1
"8907",1
"8908",1
"8909",8
"8910",2
"8911",2
"8912",10
"8913",1
"8914",4
"8915",5
"8916",13
"8917",7
"8918",2
"8919",3
"8920",3
"8921",9
"8922",3
"8923",6
"8924",1
"8925",1
"8926",1
"8927",1
"8928",2
"8929",1
"8930",20
"8931",2
"8932",2
"8933",3
"8934",1
"8935",1
"8936",1
"8937",1
"8938",1
"8939",3
"8940",3
"8941",1
"8942",1
"8943",12
"8944",1
"8945",1
"8946",12
"8947",1
"8948",8
"8949",1
"8950",1
"8951",1
"8952",1
"8953",3
"8954",1
"8955",1
"8956",1
"8957",3
"8958",7
"8959",1
"8960",4
"8961",1
"8962",1
"8963",3
"8964",1
"8965",2
"8966",11
"8967",2
"8968",1
"8969",4
"8970",1
"8971",1
"8972",3
"8973",14
"8974",1
"8975",7
"8976",1
"8977",2
"8978",2
"8979",1
"8980",2
"8981",4
"8982",1
"8983",1
"8984",1
"8985",3
"8986",1
"8987",1
"8988",1
"8989",1
"8990",5
"8991",1
"8992",1
"8993",4
"8994",1
"8995",1
"8996",5
"8997",6
"8998",3
"8999",2
"9000",7
"9001",1
"9002",1
"9003",1
"9004",1
"9005",4
"9006",1
"9007",1
"9008",1
"9009",1
"9010",1
"9011",15
"9012",2
"9013",1
"9014",1
"9015",1
"9016",5
"9017",1
"9018",2
"9019",1
"9020",2
"9021",9
"9022",5
"9023",4
"9024",1
"9025",7
"9026",1
"9027",7
"9028",1
"9029",1
"9030",7
"9031",2
"9032",20
"9033",1
"9034",4
"9035",3
"9036",2
"9037",1
"9038",2
"9039",2
"9040",1
"9041",7
"9042",3
"9043",1
"9044",1
"9045",1
"9046",3
"9047",2
"9048",1
"9049",2
"9050",4
"9051",1
"9052",1
"9053",2
"9054",1
"9055",1
"9056",2
"9057",2
"9058",1
"9059",9
"9060",1
"9061",6
"9062",4
"9063",1
"9064",4
"9065",1
"9066",1
"9067",3
"9068",1
"9069",7
"9070",1
"9071",4
"9072",3
"9073",1
"9074",1
"9075",2
"9076",1
"9077",6
"9078",1
"9079",1
"9080",2
"9081",2
"9082",1
"9083",1
"9084",8
"9085",2
"9086",1
"9087",3
"9088",1
"9089",1
"9090",3
"9091",1
"9092",6
"9093",1
"9094",1
"9095",1
"9096",2
"9097",1
"9098",1
"9099",3
"9100",10
"9101",2
"9102",2
"9103",1
"9104",1
"9105",5
"9106",3
"9107",1
"9108",13
"9109",1
"9110",11
"9111",4
"9112",1
"9113",1
"9114",4
"9115",4
"9116",1
"9117",1
"9118",1
"9119",7
"9120",1
"9121",10
"9122",1
"9123",2
"9124",1
"9125",1
"9126",1
"9127",2
"9128",5
"9129",1
"9130",1
"9131",2
"9132",1
"9133",4
"9134",2
"9135",8
"9136",7
"9137",2
"9138",2
"9139",23
"9140",1
"9141",1
"9142",6
"9143",1
"9144",1
"9145",1
"9146",7
"9147",1
"9148",1
"9149",2
"9150",5
"9151",1
"9152",1
"9153",2
"9154",1
"9155",1
"9156",7
"9157",1
"9158",1
"9159",1
"9160",3
"9161",4
"9162",3
"9163",1
"9164",2
"9165",35
"9166",9
"9167",1
"9168",1
"9169",11
"9170",6
"9171",1
"9172",1
"9173",4
"9174",1
"9175",1
"9176",3
"9177",2
"9178",4
"9179",1
"9180",5
"9181",3
"9182",1
"9183",4
"9184",1
"9185",3
"9186",1
"9187",1
"9188",1
"9189",6
"9190",1
"9191",2
"9192",1
"9193",1
"9194",1
"9195",1
"9196",4
"9197",4
"9198",1
"9199",17
"9200",1
"9201",1
"9202",1
"9203",3
"9204",2
"9205",1
"9206",1
"9207",3
"9208",9
"9209",8
"9210",2
"9211",3
"9212",2
"9213",5
"9214",1
"9215",1
"9216",1
"9217",2
"9218",1
"9219",1
"9220",8
"9221",5
"9222",11
"9223",1
"9224",1
"9225",1
"9226",1
"9227",1
"9228",12
"9229",1
"9230",6
"9231",7
"9232",1
"9233",2
"9234",8
"9235",2
"9236",1
"9237",7
"9238",4
"9239",1
"9240",2
"9241",7
"9242",1
"9243",1
"9244",17
"9245",1
"9246",1
"9247",1
"9248",8
"9249",2
"9250",1
"9251",1
"9252",8
"9253",1
"9254",1
"9255",1
"9256",1
"9257",2
"9258",1
"9259",1
"9260",1
"9261",1
"9262",1
"9263",1
"9264",27
"9265",13
"9266",1
"9267",3
"9268",14
"9269",1
"9270",10
"9271",3
"9272",5
"9273",7
"9274",1
"9275",2
"9276",1
"9277",2
"9278",3
"9279",2
"9280",1
"9281",1
"9282",12
"9283",1
"9284",1
"9285",2
"9286",1
"9287",9
"9288",1
"9289",1
"9290",1
"9291",11
"9292",8
"9293",4
"9294",2
"9295",8
"9296",4
"9297",1
"9298",2
"9299",3
"9300",1
"9301",1
"9302",1
"9303",1
"9304",2
"9305",1
"9306",2
"9307",1
"9308",1
"9309",1
"9310",4
"9311",1
"9312",13
"9313",1
"9314",1
"9315",6
"9316",4
"9317",1
"9318",1
"9319",2
"9320",2
"9321",2
"9322",4
"9323",17
"9324",1
"9325",2
"9326",2
"9327",1
"9328",1
"9329",5
"9330",1
"9331",2
"9332",1
"9333",1
"9334",1
"9335",2
"9336",1
"9337",2
"9338",2
"9339",1
"9340",3
"9341",1
"9342",7
"9343",4
"9344",3
"9345",4
"9346",6
"9347",2
"9348",3
"9349",1
"9350",7
"9351",2
"9352",1
"9353",1
"9354",2
"9355",1
"9356",1
"9357",1
"9358",1
"9359",1
"9360",1
"9361",2
"9362",1
"9363",1
"9364",1
"9365",2
"9366",1
"9367",3
"9368",1
"9369",1
"9370",1
"9371",1
"9372",1
"9373",1
"9374",1
"9375",1
"9376",1
"9377",3
"9378",8
"9379",1
"9380",5
"9381",1
"9382",1
"9383",2
"9384",1
"9385",2
"9386",2
"9387",11
"9388",23
"9389",2
"9390",10
"9391",11
"9392",1
"9393",12
"9394",1
"9395",1
"9396",1
"9397",5
"9398",3
"9399",7
"9400",2
"9401",1
"9402",1
"9403",2
"9404",1
"9405",1
"9406",4
"9407",1
"9408",2
"9409",6
"9410",1
"9411",1
"9412",13
"9413",1
"9414",8
"9415",3
"9416",1
"9417",3
"9418",1
"9419",3
"9420",2
"9421",1
"9422",3
"9423",1
"9424",6
"9425",10
"9426",2
"9427",1
"9428",1
"9429",1
"9430",1
"9431",1
"9432",2
"9433",1
"9434",2
"9435",1
"9436",1
"9437",1
"9438",1
"9439",2
"9440",1
"9441",3
"9442",3
"9443",12
"9444",2
"9445",8
"9446",2
"9447",8
"9448",2
"9449",1
"9450",1
"9451",3
"9452",1
"9453",1
"9454",1
"9455",2
"9456",5
"9457",3
"9458",1
"9459",1
"9460",2
"9461",9
"9462",3
"9463",1
"9464",1
"9465",1
"9466",1
"9467",3
"9468",1
"9469",1
"9470",4
"9471",7
"9472",3
"9473",2
"9474",1
"9475",1
"9476",1
"9477",1
"9478",1
"9479",3
"9480",1
"9481",1
"9482",1
"9483",1
"9484",10
"9485",1
"9486",6
"9487",1
"9488",14
"9489",6
"9490",2
"9491",1
"9492",1
"9493",4
"9494",2
"9495",4
"9496",1
"9497",4
"9498",16
"9499",4
"9500",5
"9501",6
"9502",1
"9503",2
"9504",19
"9505",5
"9506",20
"9507",1
"9508",2
"9509",1
"9510",2
"9511",1
"9512",1
"9513",1
"9514",1
"9515",2
"9516",5
"9517",1
"9518",1
"9519",1
"9520",1
"9521",1
"9522",2
"9523",2
"9524",1
"9525",1
"9526",8
"9527",1
"9528",1
"9529",4
"9530",2
"9531",5
"9532",2
"9533",1
"9534",6
"9535",3
"9536",35
"9537",2
"9538",2
"9539",4
"9540",1
"9541",1
"9542",1
"9543",1
"9544",22
"9545",1
"9546",3
"9547",1
"9548",1
"9549",1
"9550",1
"9551",6
"9552",3
"9553",2
"9554",12
"9555",4
"9556",2
"9557",1
"9558",2
"9559",1
"9560",1
"9561",4
"9562",8
"9563",4
"9564",1
"9565",2
"9566",2
"9567",1
"9568",1
"9569",2
"9570",2
"9571",1
"9572",1
"9573",1
"9574",2
"9575",2
"9576",4
"9577",1
"9578",4
"9579",1
"9580",1
"9581",1
"9582",1
"9583",3
"9584",2
"9585",6
"9586",2
"9587",3
"9588",1
"9589",1
"9590",1
"9591",13
"9592",1
"9593",1
"9594",2
"9595",1
"9596",1
"9597",1
"9598",10
"9599",1
"9600",2
"9601",3
"9602",9
"9603",2
"9604",1
"9605",1
"9606",1
"9607",1
"9608",1
"9609",1
"9610",1
"9611",8
"9612",3
"9613",2
"9614",2
"9615",1
"9616",1
"9617",2
"9618",1
"9619",1
"9620",1
"9621",1
"9622",2
"9623",1
"9624",3
"9625",1
"9626",3
"9627",17
"9628",3
"9629",14
"9630",1
"9631",1
"9632",8
"9633",1
"9634",7
"9635",2
"9636",3
"9637",1
"9638",1
"9639",2
"9640",8
"9641",1
"9642",1
"9643",2
"9644",1
"9645",11
"9646",10
"9647",1
"9648",1
"9649",1
"9650",1
"9651",1
"9652",1
"9653",13
"9654",1
"9655",9
"9656",4
"9657",2
"9658",10
"9659",1
"9660",1
"9661",1
"9662",1
"9663",15
"9664",3
"9665",12
"9666",2
"9667",1
"9668",1
"9669",1
"9670",3
"9671",1
"9672",4
"9673",1
"9674",1
"9675",1
"9676",2
"9677",4
"9678",1
"9679",1
"9680",1
"9681",1
"9682",1
"9683",1
"9684",1
"9685",2
"9686",1
"9687",3
"9688",6
"9689",7
"9690",1
"9691",2
"9692",1
"9693",5
"9694",1
"9695",1
"9696",1
"9697",6
"9698",1
"9699",4
"9700",1
"9701",1
"9702",9
"9703",5
"9704",5
"9705",1
"9706",1
"9707",6
"9708",1
"9709",8
"9710",23
"9711",6
"9712",3
"9713",2
"9714",5
"9715",5
"9716",1
"9717",1
"9718",2
"9719",2
"9720",2
"9721",1
"9722",1
"9723",1
"9724",1
"9725",1
"9726",2
"9727",1
"9728",5
"9729",1
"9730",4
"9731",1
"9732",1
"9733",2
"9734",1
"9735",1
"9736",1
"9737",4
"9738",1
"9739",4
"9740",1
"9741",1
"9742",15
"9743",1
"9744",12
"9745",1
"9746",1
"9747",2
"9748",1
"9749",1
"9750",10
"9751",3
"9752",7
"9753",3
"9754",8
"9755",1
"9756",2
"9757",1
"9758",1
"9759",1
"9760",1
"9761",13
"9762",1
"9763",1
"9764",2
"9765",8
"9766",2
"9767",4
"9768",15
"9769",13
"9770",2
"9771",1
"9772",1
"9773",1
"9774",6
"9775",15
"9776",1
"9777",1
"9778",4
"9779",4
"9780",2
"9781",1
"9782",3
"9783",1
"9784",1
"9785",1
"9786",11
"9787",1
"9788",1
"9789",12
"9790",3
"9791",1
"9792",5
"9793",1
"9794",2
"9795",1
"9796",1
"9797",1
"9798",1
"9799",6
"9800",2
"9801",5
"9802",1
"9803",7
"9804",1
"9805",2
"9806",3
"9807",2
"9808",2
"9809",9
"9810",9
"9811",3
"9812",11
"9813",1
"9814",2
"9815",1
"9816",1
"9817",1
"9818",1
"9819",2
"9820",1
"9821",2
"9822",3
"9823",6
"9824",1
"9825",1
"9826",1
"9827",1
"9828",1
"9829",2
"9830",1
"9831",1
"9832",6
"9833",1
"9834",2
"9835",8
"9836",3
"9837",4
"9838",2
"9839",2
"9840",1
"9841",10
"9842",1
"9843",2
"9844",2
"9845",2
"9846",1
"9847",1
"9848",1
"9849",13
"9850",10
"9851",1
"9852",2
"9853",1
"9854",1
"9855",2
"9856",8
"9857",5
"9858",2
"9859",3
"9860",1
"9861",1
"9862",1
"9863",8
"9864",1
"9865",1
"9866",3
"9867",7
"9868",5
"9869",2
"9870",2
"9871",2
"9872",1
"9873",1
"9874",2
"9875",1
"9876",1
"9877",3
"9878",1
"9879",1
"9880",5
"9881",1
"9882",2
"9883",11
"9884",1
"9885",2
"9886",1
"9887",1
"9888",1
"9889",3
"9890",3
"9891",6
"9892",1
"9893",1
"9894",17
"9895",2
"9896",1
"9897",4
"9898",1
"9899",1
"9900",1
"9901",1
"9902",1
"9903",5
"9904",2
"9905",1
"9906",1
"9907",4
"9908",11
"9909",1
"9910",1
"9911",5
"9912",2
"9913",4
"9914",8
"9915",2
"9916",1
"9917",1
"9918",1
"9919",1
"9920",1
"9921",1
"9922",1
"9923",7
"9924",9
"9925",2
"9926",1
"9927",1
"9928",2
"9929",5
"9930",1
"9931",2
"9932",1
"9933",1
"9934",11
"9935",3
"9936",13
"9937",4
"9938",4
"9939",4
"9940",1
"9941",2
"9942",7
"9943",7
"9944",1
"9945",3
"9946",6
"9947",1
"9948",1
"9949",3
"9950",2
"9951",4
"9952",1
"9953",1
"9954",1
"9955",3
"9956",5
"9957",28
"9958",2
"9959",17
"9960",2
"9961",9
"9962",2
"9963",1
"9964",1
"9965",3
"9966",1
"9967",1
"9968",1
"9969",2
"9970",2
"9971",1
"9972",4
"9973",1
"9974",3
"9975",1
"9976",1
"9977",4
"9978",7
"9979",1
"9980",2
"9981",4
"9982",1
"9983",1
"9984",3
"9985",2
"9986",1
"9987",5
"9988",1
"9989",2
"9990",4
"9991",1
"9992",1
"9993",1
"9994",2
"9995",1
"9996",1
"9997",5
"9998",2
"9999",8
"10000",2
